{
    "evaluation_frequency": {
        "frequency": 1,
        "period": "epoch"
    },
    "test": {
        "Class": {
            "accuracy": [
                0.9958524703979492,
                0.9970594048500061,
                0.9974544048309326,
                0.9978933334350586,
                0.9975422024726868,
                0.9975202679634094
            ],
            "loss": [
                0.018387841060757637,
                0.01467579510062933,
                0.015160813927650452,
                0.015530272386968136,
                0.012719123624265194,
                0.01430197712033987
            ],
            "precision": [
                0.2879999876022339,
                0.3692307770252228,
                0.4057142734527588,
                0.4585987329483032,
                0.4161849617958069,
                0.4137931168079376
            ],
            "recall": [
                0.8674699068069458,
                0.8674699068069458,
                0.8554216623306274,
                0.8674699068069458,
                0.8674699068069458,
                0.8674699068069458
            ],
            "roc_auc": [
                0.954446017742157,
                0.9553773403167725,
                0.9572457075119019,
                0.9558000564575195,
                0.9647934436798096,
                0.9504054188728333
            ],
            "specificity": [
                0.9960867166519165,
                0.9972958564758301,
                0.997713565826416,
                0.998131275177002,
                0.9977795481681824,
                0.9977575540542603
            ]
        },
        "combined": {
            "loss": [
                0.018481221813999582,
                0.014768979301152285,
                0.01525381864485098,
                0.015622930775862187,
                0.012811107852030545,
                0.014393189529073425
            ]
        }
    },
    "training": {
        "Class": {
            "accuracy": [
                0.9800318479537964,
                0.9949169158935547,
                0.996202290058136,
                0.9970690608024597,
                0.9975128769874573,
                0.9980655908584595
            ],
            "loss": [
                0.058234069496393204,
                0.01819678582251072,
                0.01419354509562254,
                0.011552883312106133,
                0.010069590993225574,
                0.007976061664521694
            ],
            "precision": [
                0.9690049886703491,
                0.9906005263328552,
                0.9933305978775024,
                0.9946839213371277,
                0.995087742805481,
                0.9960266947746277
            ],
            "recall": [
                0.9711593985557556,
                0.994184136390686,
                0.9952895641326904,
                0.9965330958366394,
                0.9974626302719116,
                0.9981786012649536
            ],
            "roc_auc": [
                0.9975305795669556,
                0.9995718002319336,
                0.999686598777771,
                0.9997440576553345,
                0.9997808337211609,
                0.9998283386230469
            ],
            "specificity": [
                0.9844680428504944,
                0.9952832460403442,
                0.9966586828231812,
                0.9973370432853699,
                0.9975379705429077,
                0.9980090260505676
            ]
        },
        "combined": {
            "loss": [
                0.05832495796494186,
                0.018289161031134427,
                0.014286077879660297,
                0.011645310594758485,
                0.010161534242797643,
                0.008067328097240534
            ]
        }
    },
    "validation": {
        "Class": {
            "accuracy": [
                0.9947331547737122,
                0.9970154762268066,
                0.9974982738494873,
                0.997761607170105,
                0.997322678565979,
                0.9971471428871155
            ],
            "loss": [
                0.018399249762296677,
                0.012152465991675854,
                0.014982097782194614,
                0.01688378117978573,
                0.013478725217282772,
                0.013902374543249607
            ],
            "precision": [
                0.2281879186630249,
                0.34736841917037964,
                0.3928571343421936,
                0.42307692766189575,
                0.375,
                0.3586956560611725
            ],
            "recall": [
                0.8717948794364929,
                0.8461538553237915,
                0.8461538553237915,
                0.8461538553237915,
                0.8461538553237915,
                0.8461538553237915
            ],
            "roc_auc": [
                0.9850009679794312,
                0.9694697856903076,
                0.953589677810669,
                0.9293544292449951,
                0.9584952592849731,
                0.9272322654724121
            ],
            "specificity": [
                0.9949439167976379,
                0.9972741007804871,
                0.9977577328681946,
                0.9980215430259705,
                0.9975818991661072,
                0.997406005859375
            ]
        },
        "combined": {
            "loss": [
                0.018491103073756676,
                0.01224513140914496,
                0.015074793067469727,
                0.016976288694422692,
                0.013570682807767298,
                0.013993623848364223
            ]
        }
    }
}