{
    "evaluation_frequency": {
        "frequency": 1,
        "period": "epoch"
    },
    "test": {
        "Class": {
            "accuracy": [
                0.9981786012649536,
                0.9989027380943298,
                0.9991880655288696,
                0.9993197321891785,
                0.9992977976799011,
                0.9993197321891785,
                0.9986394047737122,
                0.9989686012268066,
                0.9990344047546387,
                0.9993416666984558
            ],
            "loss": [
                0.02099672146141529,
                0.00510793412104249,
                0.00712325656786561,
                0.005147659685462713,
                0.005436514504253864,
                0.005406225100159645,
                0.012682647444307804,
                0.0071199750527739525,
                0.01016378216445446,
                0.007470663171261549
            ],
            "precision": [
                0.0,
                0.7894737124443054,
                0.8194444179534912,
                0.824999988079071,
                0.8227847814559937,
                0.8333333134651184,
                1.0,
                0.9285714030265808,
                0.8196721076965332,
                0.8271604776382446
            ],
            "recall": [
                0.0,
                0.5421686768531799,
                0.7108433842658997,
                0.7951807379722595,
                0.7831325531005859,
                0.7831325531005859,
                0.2530120611190796,
                0.46987950801849365,
                0.6024096608161926,
                0.8072289228439331
            ],
            "roc_auc": [
                0.705703854560852,
                0.9544421434402466,
                0.8989719152450562,
                0.9282442331314087,
                0.9700195789337158,
                0.9435567855834961,
                0.7867487668991089,
                0.8873899579048157,
                0.8496037721633911,
                0.9400233030319214
            ],
            "specificity": [
                1.0,
                0.9997361898422241,
                0.999714195728302,
                0.9996922016143799,
                0.9996922016143799,
                0.999714195728302,
                1.0,
                0.9999340176582336,
                0.9997581839561462,
                0.9996922016143799
            ]
        },
        "combined": {
            "loss": [
                0.02106943582475651,
                0.005179628045880236,
                0.007194433062977623,
                0.005219851642323192,
                0.005507893882167991,
                0.005476884412928484,
                0.012752683367580175,
                0.0071892162814037874,
                0.010232028216705658,
                0.00753789977170527
            ]
        }
    },
    "training": {
        "Class": {
            "accuracy": [
                0.9986519813537598,
                0.9986268877983093,
                0.9992977976799011,
                0.9992413520812988,
                0.9993541836738586,
                0.9993792772293091,
                0.9993855357170105,
                0.9993792772293091,
                0.9993792772293091,
                0.9993667602539062
            ],
            "loss": [
                0.0168616846203804,
                0.007426876574754715,
                0.005022829864174128,
                0.004881174303591251,
                0.004717394709587097,
                0.004345003515481949,
                0.004115360323339701,
                0.004231966566294432,
                0.004071804229170084,
                0.004170428030192852
            ],
            "precision": [
                0.7080292105674744,
                0.7022900581359863,
                0.8448275923728943,
                0.8416289687156677,
                0.8565400838851929,
                0.8649789094924927,
                0.8655462265014648,
                0.8680850863456726,
                0.8619247078895569,
                0.8489795923233032
            ],
            "recall": [
                0.35661765933036804,
                0.3382352888584137,
                0.720588207244873,
                0.6838235259056091,
                0.7463235259056091,
                0.7536764740943909,
                0.7573529481887817,
                0.75,
                0.7573529481887817,
                0.7647058963775635
            ],
            "roc_auc": [
                0.7332006692886353,
                0.8879802227020264,
                0.9138826727867126,
                0.9101195335388184,
                0.9213356971740723,
                0.9375719428062439,
                0.9383503198623657,
                0.9334958791732788,
                0.9435628652572632,
                0.9433164596557617
            ],
            "specificity": [
                0.9997487664222717,
                0.9997550845146179,
                0.9997739195823669,
                0.9997801780700684,
                0.9997864365577698,
                0.9997990131378174,
                0.9997990131378174,
                0.9998052716255188,
                0.999792754650116,
                0.9997676014900208
            ]
        },
        "combined": {
            "loss": [
                0.01693498538224958,
                0.007498230748751666,
                0.005093837549793534,
                0.004953008123266045,
                0.004788852253113873,
                0.00441580313781742,
                0.004185433586826548,
                0.004301379733078647,
                0.004140251985518262,
                0.004237937908328604
            ]
        }
    },
    "validation": {
        "Class": {
            "accuracy": [
                0.9982882738113403,
                0.9990782737731934,
                0.9994294047355652,
                0.9994294047355652,
                0.9993855357170105,
                0.9993855357170105,
                0.998551607131958,
                0.9989466071128845,
                0.9990344047546387,
                0.9993416666984558
            ],
            "loss": [
                0.020485205575823784,
                0.004154162015765905,
                0.004591340199112892,
                0.003971313592046499,
                0.004594417288899422,
                0.004440807271748781,
                0.012642371468245983,
                0.0073532648384571075,
                0.012331283651292324,
                0.009397267363965511
            ],
            "precision": [
                0.0,
                0.800000011920929,
                0.8823529481887817,
                0.8611111044883728,
                0.837837815284729,
                0.8571428656578064,
                1.0,
                1.0,
                0.8148148059844971,
                0.8333333134651184
            ],
            "recall": [
                0.0,
                0.6153846383094788,
                0.7692307829856873,
                0.7948718070983887,
                0.7948718070983887,
                0.7692307829856873,
                0.1538461595773697,
                0.38461539149284363,
                0.5641025900840759,
                0.7692307829856873
            ],
            "roc_auc": [
                0.6821370124816895,
                0.9585369825363159,
                0.9456392526626587,
                0.9208899736404419,
                0.9739689230918884,
                0.967137336730957,
                0.8070344924926758,
                0.8967832326889038,
                0.7984849214553833,
                0.9426016807556152
            ],