{
    "evaluation_frequency": {
        "frequency": 1,
        "period": "epoch"
    },
    "test": {
        "Class": {
            "accuracy": [
                0.9940977692604065,
                0.9953876733779907,
                0.9972931742668152,
                0.9977915287017822,
                0.9980260729789734,
                0.9972638487815857,
                0.9982019662857056,
                0.9984365105628967,
                0.9984658360481262,
                0.9984071850776672,
                0.9987785220146179,
                0.9986709952354431,
                0.9988566637039185,
                0.9978110790252686,
                0.9989250898361206,
                0.9991400837898254
            ],
            "loss": [
                0.020613741129636765,
                0.018599804490804672,
                0.010391494259238243,
                0.011971975676715374,
                0.008069047704339027,
                0.010433392599225044,
                0.008152950555086136,
                0.007018545642495155,
                0.00729174492880702,
                0.006877932697534561,
                0.005388299003243446,
                0.006171145476400852,
                0.006147777661681175,
                0.011384296230971813,
                0.006075735669583082,
                0.005398394074290991
            ],
            "precision": [
                0.9967207312583923,
                0.9994310140609741,
                0.9993268251419067,
                0.9996280670166016,
                0.9990628361701965,
                0.9996985793113708,
                0.99888676404953,
                0.9991693496704102,
                0.9986758828163147,
                0.9998053312301636,
                0.9996994137763977,
                0.9989053010940552,
                0.9994875192642212,
                0.9974082708358765,
                0.9998055100440979,
                0.9997879266738892
            ],
            "recall": [
                0.992603600025177,
                0.9922328591346741,
                0.9957810640335083,
                0.9963812232017517,
                0.9973697662353516,
                0.9953573942184448,
                0.9978640675544739,
                0.9980052709579468,
                0.9985525012016296,
                0.997316837310791,
                0.9980935454368591,
                0.9986937046051025,
                0.9984465837478638,
                0.998640775680542,
                0.9982523918151855,
                0.9986584186553955
            ],
            "roc_auc": [
                0.9993525743484497,
                0.9996839165687561,
                0.9998157024383545,
                0.9998636245727539,
                0.9998839497566223,
                0.9997997879981995,
                0.9998475909233093,
                0.999890923500061,
                0.9998137354850769,
                0.9999251961708069,
                0.9999209642410278,
                0.9998979568481445,
                0.9998669624328613,
                0.9998778700828552,
                0.9998996257781982,
                0.9998957514762878
            ],
            "specificity": [
                0.9959505200386047,
                0.9992995262145996,
                0.9991682171821594,
                0.9995403289794922,
                0.9988398551940918,
                0.9996278882026672,
                0.9986209869384766,
                0.9989712238311768,
                0.9983583092689514,
                0.9997591972351074,
                0.9996278882026672,
                0.9986428618431091,
                0.9993652105331421,
                0.9967823028564453,
                0.9997591972351074,
                0.9997373223304749
            ]
        },
        "combined": {
            "loss": [
                0.020707499446871225,
                0.01869594595336821,
                0.010488980347872712,
                0.012070430122548714,
                0.008167464286088943,
                0.010531014908337966,
                0.008249772901763208,
                0.007114516367437318,
                0.007387364385067485,
                0.006972743292863015,
                0.00548232772416668,
                0.006264201459998731,
                0.006240033799258526,
                0.011475925748527516,
                0.006166964762087446,
                0.0054889522507437505
            ]
        }
    },
    "training": {
        "Class": {
            "accuracy": [
                0.982265293598175,
                0.9947705864906311,
                0.9964067339897156,
                0.9973308444023132,
                0.9976128339767456,
                0.9980344176292419,
                0.9981433153152466,
                0.9982829093933105,
                0.9984923005104065,
                0.9985230565071106,
                0.9986626505851746,
                0.9987659454345703,
                0.9987826943397522,
                0.9989111423492432,
                0.9989641904830933,
                0.9989585876464844
            ],
            "loss": [
                0.052135031670331955,
                0.018806247040629387,
                0.013301325961947441,
                0.010393408127129078,
                0.009601687081158161,
                0.008078763261437416,
                0.007233286742120981,
                0.007148373406380415,
                0.006327659357339144,
                0.006853062193840742,
                0.005980275105684996,
                0.0051985252648591995,
                0.00509538734331727,
                0.004783529322594404,
                0.004600959364324808,
                0.005011311266571283
            ],
            "precision": [
                0.9851939082145691,
                0.99634850025177,
                0.9975535869598389,
                0.998008131980896,
                0.9983298182487488,
                0.9986017942428589,
                0.9986472129821777,
                0.9986826181411743,
                0.9988937377929688,
                0.9989088773727417,
                0.9989643096923828,
                0.9991251230239868,
                0.9990849494934082,
                0.999175488948822,
                0.9992910623550415,
                0.9991555213928223
            ],
            "recall": [
                0.9828469157218933,
                0.9942303895950317,
                0.9959743022918701,
                0.9971855282783508,
                0.99737149477005,
                0.997859001159668,
                0.9980098009109497,
                0.9982258677482605,
                0.9983917474746704,
                0.998431921005249,
                0.9986279606819153,
                0.9986530542373657,
                0.9987234473228455,
                0.9988641738891602,
                0.9988440871238708,
                0.9989697337150574
            ],
            "roc_auc": [
                0.9977269172668457,
                0.9994306564331055,
                0.9996625781059265,
                0.9997162818908691,
                0.9997668266296387,
                0.9998121857643127,
                0.9998462200164795,
                0.9998394250869751,
                0.9998736381530762,
                0.9998537302017212,
                0.999850869178772,
                0.9999062418937683,
                0.9999101758003235,
                0.9999141097068787,
                0.9999088644981384,
                0.9999023675918579
            ],