{
    "evaluation_frequency": {
        "frequency": 1,
        "period": "epoch"
    },
    "test": {
        "Class": {
            "accuracy": [
                0.998990535736084,
                0.9987930655479431,
                0.9993416666984558,
                0.9991880655288696,
                0.9993416666984558,
                0.9992977976799011,
                0.9992319345474243,
                0.9992319345474243
            ],
            "loss": [
                4.797778606414795,
                1.7676281929016113,
                2.3402600288391113,
                2.6570773124694824,
                1.1902590990066528,
                3.067549228668213,
                1.420369029045105,
                2.1629066467285156
            ],
            "precision": [
                0.7761194109916687,
                0.71875,
                0.8271604776382446,
                0.8108108043670654,
                0.8271604776382446,
                0.8227847814559937,
                0.7790697813034058,
                0.792682945728302
            ],
            "recall": [
                0.6265060305595398,
                0.5542168617248535,
                0.8072289228439331,
                0.7228915691375732,
                0.8072289228439331,
                0.7831325531005859,
                0.8072289228439331,
                0.7831325531005859
            ],
            "roc_auc": [
                0.8742424249649048,
                0.9344576001167297,
                0.9417515993118286,
                0.8788646459579468,
                0.9446961283683777,
                0.9140726327896118,
                0.9538359045982361,
                0.9452098608016968
            ],
            "specificity": [
                0.9996702075004578,
                0.9996042847633362,
                0.9996922016143799,
                0.9996922016143799,
                0.9996922016143799,
                0.9996922016143799,
                0.9995822906494141,
                0.9996262788772583
            ]
        },
        "combined": {
            "loss": [
                4.797860491344181,
                1.767707745450025,
                2.3403391688261763,
                2.6571566675193026,
                1.1903368661223794,
                3.0676254317513667,
                1.4204443268827163,
                2.1629814177722437
            ]
        }
    },
    "training": {
        "Class": {
            "accuracy": [
                0.9986206293106079,
                0.9990532398223877,
                0.9990783333778381,
                0.9991661310195923,
                0.9993541836738586,
                0.9993792772293091,
                0.9992914795875549,
                0.999329149723053
            ],
            "loss": [
                8.417134284973145,
                2.6646642684936523,
                2.1718900203704834,
                2.2231736183166504,
                1.7824749946594238,
                1.5010700225830078,
                1.5820989608764648,
                1.7796440124511719
            ],
            "precision": [
                0.644444465637207,
                0.7318007946014404,
                0.7394636273384094,
                0.772549033164978,
                0.8313725590705872,
                0.8446215391159058,
                0.80694979429245,
                0.8160919547080994
            ],
            "recall": [
                0.4264705777168274,
                0.7022058963775635,
                0.7095588445663452,
                0.7242646813392639,
                0.779411792755127,
                0.779411792755127,
                0.7683823704719543,
                0.783088207244873
            ],
            "roc_auc": [
                0.7225518822669983,
                0.8866332769393921,
                0.9168276786804199,
                0.9154319763183594,
                0.9335708022117615,
                0.953526496887207,
                0.9529748558998108,
                0.9472641944885254
            ],
            "specificity": [
                0.9995980262756348,
                0.9995603561401367,
                0.9995729327201843,
                0.9996356964111328,
                0.9997299313545227,
                0.9997550845146179,
                0.9996859431266785,
                0.9996985197067261
            ]
        },
        "combined": {
            "loss": [
                8.417213703498419,
                2.6647437011051807,
                2.171968871880381,
                2.2232525922736386,
                1.7825534198636888,
                1.5011464456401882,
                1.582174226103234,
                1.7797189437987981
            ]
        }
    },
    "validation": {
        "Class": {
            "accuracy": [
                0.9993416666984558,
                0.9991222023963928,
                0.9993416666984558,
                0.9993416666984558,
                0.9993855357170105,
                0.9993416666984558,
                0.9992977380752563,
                0.9993855357170105
            ],
            "loss": [
                2.242410659790039,
                1.2805441617965698,
                1.6881505250930786,
                1.9523134231567383,
                0.9732193946838379,
                2.8816676139831543,
                1.5909217596054077,
                1.8224101066589355
            ],
            "precision": [
                0.8333333134651184,
                0.8064516186714172,
                0.8333333134651184,
                0.8529411554336548,
                0.837837815284729,
                0.8333333134651184,
                0.7948718070983887,
                0.837837815284729
            ],
            "recall": [
                0.7692307829856873,
                0.6410256624221802,
                0.7692307829856873,
                0.7435897588729858,
                0.7948718070983887,
                0.7692307829856873,
                0.7948718070983887,
                0.7948718070983887
            ],
            "roc_auc": [
                0.9498418569564819,
                0.9696231484413147,
                0.9879432916641235,
                0.9339916706085205,
                0.969349205493927,
                0.9375303387641907,
                0.9637029767036438,
                0.9570556879043579
            ],
            "specificity": [
                0.9997361898422241,
                0.9997361898422241,
                0.9997361898422241,
                0.9997801780700684,
                0.9997361898422241,
                0.9997361898422241,
                0.9996482729911804,
                0.9997361898422241
            ]
        },
        "combined": {
            "loss": [
                2.242491053068079,
                1.2806236339602037,
                1.6882294648967218,
                1.9523925262110424,
                0.9732975900406018,
                2.8817439581034705,
                1.5909970343273017,
                1.822484984069888
            ]
        }
    }
}