{
    "evaluation_frequency": {
        "frequency": 1,
        "period": "epoch"
    },
    "test": {
        "Class": {
            "accuracy": [
                0.9937027096748352,
                0.9982315897941589,
                0.9986628890037537,
                0.9982962608337402,
                0.998468816280365,
                0.9984040856361389,
                0.9983178377151489,
                0.9984903931617737
            ],
            "loss": [
                0.8036584854125977,
                0.3506265878677368,
                0.3340294063091278,
                0.40640997886657715,
                0.3560943603515625,
                0.3589044213294983,
                0.3545946180820465,
                0.45689839124679565
            ],
            "precision": [
                0.7892683148384094,
                0.9674039483070374,
                0.9801633358001709,
                0.9832134246826172,
                0.9833729267120361,
                0.9810201525688171,
                0.9611428380012512,
                0.9833926558494568
            ],
            "recall": [
                0.9141243100166321,
                0.9389830231666565,
                0.9491525292396545,
                0.9265536665916443,
                0.9355932474136353,
                0.9344632625579834,
                0.9502825140953064,
                0.9367231726646423
            ],
            "roc_auc": [
                0.985305905342102,
                0.9897367358207703,
                0.9921871423721313,
                0.9910426139831543,
                0.9937082529067993,
                0.9911580681800842,
                0.9945034384727478,
                0.9922081232070923
            ],
            "specificity": [
                0.9952510595321655,
                0.9993844032287598,
                0.9996262192726135,
                0.9996922016143799,
                0.9996922016143799,
                0.9996482133865356,
                0.9992524981498718,
                0.9996922016143799
            ]
        },
        "combined": {
            "loss": [
                0.8037449285548064,
                0.3507097765686922,
                0.3341112633497687,
                0.40649112346727634,
                0.35617526835994795,
                0.3589853848388884,
                0.35467594679357717,
                0.4569801093894057
            ]
        }
    },
    "training": {
        "Class": {
            "accuracy": [
                0.9901227355003357,
                0.9965679049491882,
                0.9974551796913147,
                0.9977509379386902,
                0.9979604482650757,
                0.9981576204299927,
                0.9983486533164978,
                0.9982500672340393
            ],
            "loss": [
                1.3355640172958374,
                0.6038745641708374,
                0.3827934265136719,
                0.37287575006484985,
                0.3322559893131256,
                0.328136682510376,
                0.2692897617816925,
                0.3112238943576813
            ],
            "precision": [
                0.7013317942619324,
                0.9083085060119629,
                0.9307159185409546,
                0.9418411254882812,
                0.9486837983131409,
                0.9519071578979492,
                0.9587216973304749,
                0.9566666483879089
            ],
            "recall": [
                0.8184523582458496,
                0.9074074029922485,
                0.9328703880310059,
                0.9371693134307861,
                0.9414682388305664,
                0.9490740895271301,
                0.9523809552192688,
                0.9490740895271301
            ],
            "roc_auc": [
                0.9453955292701721,
                0.9807130098342896,
                0.9903686046600342,
                0.9903556704521179,
                0.9924662113189697,
                0.9920555353164673,
                0.9948079586029053,
                0.9939164519309998
            ],
            "specificity": [
                0.9933822154998779,
                0.9982607960700989,
                0.9986814856529236,
                0.9989012479782104,
                0.9990330934524536,
                0.9990895986557007,
                0.9992214441299438,
                0.9991837739944458
            ]
        },
        "combined": {
            "loss": [
                1.3356501709640725,
                0.6039573689413373,
                0.38287510396912694,
                0.3729567027767189,
                0.3323366942713619,
                0.3282173085026443,
                0.269370766596694,
                0.31130538915022044
            ]
        }
    },
    "validation": {
        "Class": {
            "accuracy": [
                0.994004487991333,
                0.9984040856361389,
                0.9985765814781189,
                0.9981452822685242,
                0.9984471797943115,
                0.9984471797943115,
                0.9978864789009094,
                0.9984903335571289
            ],
            "loss": [
                0.978865385055542,
                0.4033738970756531,
                0.3798876404762268,
                0.4414907991886139,
                0.401513934135437,
                0.4274487793445587,
                0.47215938568115234,
                0.391876757144928
            ],
            "precision": [
                0.821561336517334,
                0.9848484992980957,
                0.9870689511299133,
                0.9911110997200012,
                0.9891067743301392,
                0.9912472367286682,
                0.9599156379699707,
                0.9912663698196411
            ],
            "recall": [
                0.9113401770591736,
                0.938144326210022,
                0.9443299174308777,
                0.9195876121520996,
                0.9360824823379517,
                0.9340206384658813,
                0.938144326210022,
                0.9360824823379517
            ],
            "roc_auc": [
                0.9793450832366943,
                0.9902744293212891,
                0.9946295022964478,
                0.9910387396812439,
                0.9929648041725159,
                0.9898638725280762,
                0.9938690066337585,
                0.9944161772727966
            ],
            "specificity": [
                0.9957707524299622,
                0.9996916055679321,
                0.9997356534004211,
                0.999823808670044,
                0.9997797012329102,
                0.999823808670044,
                0.9991629719734192,
                0.999823808670044
            ]
        },
        "combined": {
            "loss": [
                0.9789516342716524,
                0.4034568536444567,
                0.37996938756259624,
                0.44157182105846005,
                0.4015947168081766,
                0.4275295237166574,
                0.47224050377553795,
                0.39195832829136634
            ]
        }
    }
}