{
    "evaluation_frequency": {
        "frequency": 1,
        "period": "epoch"
    },
    "test": {
        "Class": {
            "accuracy": [
                0.9931039214134216,
                0.9961090087890625,
                0.9973596930503845,
                0.9970296621322632,
                0.9982108473777771,
                0.998401939868927,
                0.998401939868927,
                0.9982108473777771,
                0.9985235333442688,
                0.9987319707870483,
                0.9986972212791443
            ],
            "loss": [
                0.07648035883903503,
                0.04317810758948326,
                0.03799134120345116,
                0.06217131391167641,
                0.025466669350862503,
                0.029136016964912415,
                0.02479921095073223,
                0.034350909292697906,
                0.02745119296014309,
                0.020504126325249672,
                0.029005084186792374
            ],
            "precision": [
                0.9870151877403259,
                0.9937673807144165,
                0.9968831539154053,
                0.9984763860702515,
                0.9971461892127991,
                0.9983189105987549,
                0.9984027147293091,
                0.99672931432724,
                0.9979016184806824,
                0.9979872703552246,
                0.998656153678894
            ],
            "recall": [
                0.9796635508537292,
                0.987446665763855,
                0.9903757572174072,
                0.987195611000061,
                0.9942254424095154,
                0.9939743876457214,
                0.9938907027244568,
                0.9946439266204834,
                0.994978666305542,
                0.9958992600440979,
                0.9950623512268066
            ],
            "roc_auc": [
                0.9986894130706787,
                0.9994503259658813,
                0.9995825886726379,
                0.9994419813156128,
                0.9995983839035034,
                0.9997574090957642,
                0.9995730519294739,
                0.9993062615394592,
                0.9997009038925171,
                0.9996722936630249,
                0.9996196031570435
            ],
            "specificity": [
                0.9966242909431458,
                0.9983779191970825,
                0.9991889595985413,
                0.9996054172515869,
                0.9992547035217285,
                0.999561607837677,
                0.9995835423469543,
                0.9991450905799866,
                0.9994519948959351,
                0.9994739294052124,
                0.9996492862701416
            ]
        },
        "combined": {
            "loss": [
                0.07660419175226707,
                0.04331109608756378,
                0.038128948741359636,
                0.06231228694377933,
                0.025609983189497143,
                0.029280784772709012,
                0.024945252094767056,
                0.03449825099960435,
                0.02759950963081792,
                0.02065335473162122,
                0.02915478459908627
            ]
        }
    },
    "training": {
        "Class": {
            "accuracy": [
                0.9703561663627625,
                0.9917217493057251,
                0.9947789311408997,
                0.9963770508766174,
                0.9969428181648254,
                0.9974837899208069,
                0.997900664806366,
                0.9980644583702087,
                0.9981587529182434,
                0.9982281923294067,
                0.998466432094574
            ],
            "loss": [
                0.1755087673664093,
                0.069417804479599,
                0.04819406196475029,
                0.03595725819468498,
                0.03145509585738182,
                0.026284199208021164,
                0.024741625413298607,
                0.023427894338965416,
                0.02128683589398861,
                0.019238440319895744,
                0.018449557945132256
            ],
            "precision": [
                0.9024800062179565,
                0.9764190912246704,
                0.985747218132019,
                0.9907573461532593,
                0.9917070865631104,
                0.9932351112365723,
                0.9946215152740479,
                0.994952380657196,
                0.9949779510498047,
                0.9953064918518066,
                0.9960363507270813
            ],
            "recall": [
                0.9630530476570129,
                0.984394907951355,
                0.9894707202911377,
                0.9920203685760498,
                0.9937674403190613,
                0.994806170463562,
                0.9953963756561279,
                0.9958449602127075,
                0.9962698817253113,
                0.9962698817253113,
                0.9966712594032288
            ],
            "roc_auc": [
                0.9929898381233215,
                0.9985117316246033,
                0.9991143345832825,
                0.9993405342102051,
                0.9995291233062744,
                0.9995386004447937,
                0.9995620250701904,
                0.9996368885040283,
                0.9996902346611023,
                0.9997598528862,
                0.9997336268424988
            ],
            "specificity": [
                0.9723000526428223,
                0.9936720132827759,
                0.9961918592453003,
                0.9975366592407227,
                0.9977880120277405,
                0.9981964826583862,
                0.9985672235488892,
                0.9986552000045776,
                0.9986615180969238,
                0.9987494945526123,
                0.9989442825317383
            ]
        },
        "combined": {
            "loss": [
                0.1756295621089521,
                0.06954829242022242,
                0.04833018528006505,
                0.03609725076239556,
                0.031597710243659094,
                0.026428481520269997,
                0.02488721936242655,
                0.023574732113047503,
                0.021434847134514712,
                0.01938738173339516,
                0.018599112416268326
            ]
        }
    },
    "validation": {
        "Class": {
            "accuracy": [
                0.9925305843353271,
                0.9953446388244629,
                0.9964911341667175,
                0.9971859455108643,
                0.9977418184280396,
                0.9978460073471069,
                0.9981239438056946,
                0.9980197548866272,
                0.9980197548866272,
                0.9980891942977905,
                0.9984366297721863
            ],
            "loss": [
                0.08266691118478775,
                0.044913168996572495,
                0.04515988379716873,
                0.06422032415866852,
                0.026590894907712936,
                0.034044504165649414,
                0.026361215859651566,
                0.033592648804187775,
                0.037200599908828735,
                0.0291836429387331,
                0.03327754884958267
            ],
            "precision": [
                0.9854497313499451,
                0.990766704082489,
                0.9953657984733582,
                0.9985059499740601,
                0.9957194328308105,
                0.9975227117538452,
                0.9980188012123108,
                0.9965415000915527,
                0.9978533983230591,
                0.9971975088119507,
                0.9981859922409058
            ],