{
    "evaluation_frequency": {
        "frequency": 1,
        "period": "epoch"
    },
    "test": {
        "Class": {
            "accuracy": [
                0.9938554763793945,
                0.99747633934021,
                0.9968838691711426,
                0.9971910715103149,
                0.9975860714912415,
                0.9975422024726868,
                0.997761607170105,
                0.9980469346046448,
                0.9983322024345398
            ],
            "loss": [
                0.018200477585196495,
                0.01407513115555048,
                0.01626591384410858,
                0.015791337937116623,
                0.013125935569405556,
                0.012594450265169144,
                0.016133254393935204,
                0.017281549051404,
                0.015744218602776527
            ],
            "precision": [
                0.20943953096866608,
                0.40909090638160706,
                0.35467979311943054,
                0.3796791434288025,
                0.42105263471603394,
                0.4152046740055084,
                0.4409937858581543,
                0.4797297418117523,
                0.5263158082962036
            ],
            "recall": [
                0.8554216623306274,
                0.8674699068069458,
                0.8674699068069458,
                0.8554216623306274,
                0.8674699068069458,
                0.8554216623306274,
                0.8554216623306274,
                0.8554216623306274,
                0.8433734774589539
            ],
            "roc_auc": [
                0.9662634134292603,
                0.9525042772293091,
                0.9374756813049316,
                0.9496251344680786,
                0.9520182609558105,
                0.9504929780960083,
                0.9421534538269043,
                0.9282331466674805,
                0.9410277605056763
            ],
            "specificity": [
                0.9941080808639526,
                0.997713565826416,
                0.9971199631690979,
                0.9974497556686401,
                0.9978234767913818,
                0.9978015422821045,
                0.9980213642120361,
                0.9983071684837341,
                0.9986149668693542
            ]
        },
        "combined": {
            "loss": [
                0.01828110668429872,
                0.014160125756461639,
                0.016352984035620466,
                0.015880344559263904,
                0.013216373547038529,
                0.012686028407188132,
                0.016225019404373597,
                0.017372869297105353,
                0.015835063750273548
            ]
        }
    },
    "training": {
        "Class": {
            "accuracy": [
                0.9773185849189758,
                0.9942553043365479,
                0.996202290058136,
                0.9971067309379578,
                0.9973956346511841,
                0.99798184633255,
                0.998073935508728,
                0.9983963370323181,
                0.9985303282737732
            ],
            "loss": [
                0.06464212387800217,
                0.0203366931527853,
                0.015192345716059208,
                0.011898631229996681,
                0.010138347744941711,
                0.008827717043459415,
                0.007986507378518581,
                0.0072621447034180164,
                0.0069334362633526325
            ],
            "precision": [
                0.969688892364502,
                0.9898447394371033,
                0.9932687282562256,
                0.9943870306015015,
                0.9951604604721069,
                0.9961500763893127,
                0.9961636066436768,
                0.9966524839401245,
                0.997277021408081
            ],
            "recall": [
                0.962027370929718,
                0.9929531216621399,
                0.9953523278236389,
                0.9969476461410522,
                0.997035562992096,
                0.9978017807006836,
                0.9980655908584595,
                0.9985429048538208,
                0.998316764831543
            ],
            "roc_auc": [
                0.9968850016593933,
                0.9994999170303345,
                0.9996094703674316,
                0.9997052550315857,
                0.9998140335083008,
                0.9997979402542114,
                0.9998348355293274,
                0.9998343586921692,
                0.9998551607131958
            ],
            "specificity": [
                0.9849641919136047,
                0.9949064254760742,
                0.9966273307800293,
                0.9971863031387329,
                0.9975757002830505,
                0.9980718493461609,
                0.9980781078338623,
                0.9983230829238892,
                0.9986370801925659
            ]
        },
        "combined": {
            "loss": [
                0.06471954201697372,
                0.02041983614617493,
                0.015278259983460885,
                0.011986502016952727,
                0.010228093393379822,
                0.008918707972043194,
                0.008078045611910056,
                0.00735328013979597,
                0.007024042854027357
            ]
        }
    },
    "validation": {
        "Class": {
            "accuracy": [
                0.9943381547927856,
                0.9970154762268066,
                0.9967520833015442,
                0.9975860118865967,
                0.9979810118675232,
                0.997761607170105,
                0.9978054761886597,
                0.9980688095092773,
                0.9984199404716492
            ],
            "loss": [
                0.0165101308375597,
                0.011871904134750366,
                0.013207714073359966,
                0.011516353115439415,
                0.009437264874577522,
                0.009789258241653442,
                0.0116553520783782,
                0.012438398785889149,
                0.011847199872136116
            ],
            "precision": [
                0.2151898741722107,
                0.34408602118492126,
                0.3300970792770386,
                0.4047619104385376,
                0.4533333480358124,
                0.42500001192092896,
                0.4266666769981384,
                0.4647887349128723,
                0.5245901346206665
            ],
            "recall": [
                0.8717948794364929,
                0.8205128312110901,
                0.8717948794364929,
                0.8717948794364929,
                0.8717948794364929,
                0.8717948794364929,
                0.8205128312110901,
                0.8461538553237915,
                0.8205128312110901
            ],
            "roc_auc": [
                0.9660111665725708,
                0.9637621641159058,
                0.9624172449111938,
                0.9772612452507019,
                0.9690786600112915,
                0.9648522734642029,
                0.9538687467575073,
                0.9566171765327454,
                0.9625080227851868
            ],
            "specificity": [
                0.9945482611656189,
                0.9973180890083313,
                0.9969663619995117,
                0.9978017210960388,
                0.9981973767280579,
                0.9979775547981262,
                0.9981094598770142,
                0.9983292818069458,
                0.9987249970436096
            ]
        },