{
    "evaluation_frequency": {
        "frequency": 1,
        "period": "epoch"
    },
    "test": {
        "Class": {
            "accuracy": [
                0.9988808035850525,
                0.9989686012268066,
                0.9992977976799011,
                0.9991660714149475,
                0.9990344047546387
            ],
            "loss": [
                7.652113437652588,
                1.6524674892425537,
                2.6626248359680176,
                2.866196632385254,
                3.847576856613159
            ],
            "precision": [
                0.9210526347160339,
                0.7250000238418579,
                0.8227847814559937,
                0.7922077775001526,
                0.7599999904632568
            ],
            "recall": [
                0.42168673872947693,
                0.6987951993942261,
                0.7831325531005859,
                0.7349397540092468,
                0.6867470145225525
            ],
            "roc_auc": [
                0.836544394493103,
                0.9518824815750122,
                0.9436145424842834,
                0.9425066709518433,
                0.8789715766906738
            ],
            "specificity": [
                0.9999340176582336,
                0.9995163083076477,
                0.9996922016143799,
                0.9996482729911804,
                0.9996042847633362
            ]
        },
        "combined": {
            "loss": [
                7.652198283205507,
                1.652549075515708,
                2.6627051719697192,
                2.8662778730722493,
                3.847658783226507
            ]
        }
    },
    "training": {
        "Class": {
            "accuracy": [
                0.9976738691329956,
                0.9985328316688538,
                0.9989717602729797,
                0.9990469813346863,
                0.999191164970398
            ],
            "loss": [
                10.726573944091797,
                3.1497480869293213,
                2.3869118690490723,
                2.123357057571411,
                2.0404305458068848
            ],
            "precision": [
                0.3366336524486542,
                0.5719696879386902,
                0.7014925479888916,
                0.7255638837814331,
                0.7894737124443054
            ],
            "recall": [
                0.375,
                0.5551470518112183,
                0.6911764740943909,
                0.7095588445663452,
                0.716911792755127
            ],
            "roc_auc": [
                0.7225093245506287,
                0.8880212903022766,
                0.9106177091598511,
                0.9254353046417236,
                0.9334778785705566
            ],
            "specificity": [
                0.9987375736236572,
                0.9992902874946594,
                0.9994975328445435,
                0.9995415210723877,
                0.9996734261512756
            ]
        },
        "combined": {
            "loss": [
                10.726656506849395,
                3.1498310020397184,
                2.386991849714832,
                2.123437589536479,
                2.040512051738915
            ]
        }
    },
    "validation": {
        "Class": {
            "accuracy": [
                0.9991222023963928,
                0.9992538690567017,
                0.9992538690567017,
                0.9992977380752563,
                0.9990782737731934
            ],
            "loss": [
                6.790206432342529,
                1.8488891124725342,
                3.3471179008483887,
                3.3242244720458984,
                4.574339866638184
            ],
            "precision": [
                0.9523809552192688,
                0.8055555820465088,
                0.8055555820465088,
                0.8108108043670654,
                0.78125
            ],
            "recall": [
                0.5128205418586731,
                0.7435897588729858,
                0.7435897588729858,
                0.7692307829856873,
                0.6410256624221802
            ],
            "roc_auc": [
                0.8492630124092102,
                0.9312788248062134,
                0.9147753715515137,
                0.9273055195808411,
                0.8593841791152954
            ],
            "specificity": [
                0.9999560117721558,
                0.9996922612190247,
                0.9996922612190247,
                0.9996922612190247,
                0.9996922612190247
            ]
        },
        "combined": {
            "loss": [
                6.79028993871907,
                1.8489715278337826,
                3.3471980152244214,
                3.3243052554826136,
                4.574421520046599
            ]
        }
    }
}