{
    "evaluation_frequency": {
        "frequency": 1,
        "period": "epoch"
    },
    "test": {
        "Class": {
            "accuracy": [
                0.9940507411956787,
                0.9943029880523682,
                0.9968046545982361,
                0.996720552444458,
                0.9970779418945312,
                0.9967836141586304,
                0.997876763343811,
                0.9974353313446045,
                0.9977295994758606,
                0.9978137016296387,
                0.9983392357826233,
                0.9980449676513672,
                0.9979187846183777
            ],
            "loss": [
                0.026500115171074867,
                0.02166913077235222,
                0.015455302782356739,
                0.015635641291737556,
                0.013270975090563297,
                0.013643918558955193,
                0.011597360484302044,
                0.011672690510749817,
                0.010019221343100071,
                0.010368256829679012,
                0.008404888212680817,
                0.00921372789889574,
                0.010331505909562111
            ],
            "precision": [
                0.9921171069145203,
                0.9408817887306213,
                0.9825372099876404,
                0.9860031008720398,
                0.9886363744735718,
                0.991623044013977,
                0.989847719669342,
                0.9922640323638916,
                0.9873289465904236,
                0.9928388595581055,
                0.9899598360061646,
                0.9854709506034851,
                0.9918533563613892
            ],
            "recall": [
                0.8675529360771179,
                0.9246676564216614,
                0.9419005513191223,
                0.9364845156669617,
                0.942392885684967,
                0.93254554271698,
                0.9601181745529175,
                0.947316586971283,
                0.9591334462165833,
                0.9556868672370911,
                0.9709502458572388,
                0.9684884548187256,
                0.9591334462165833
            ],
            "roc_auc": [
                0.98891282081604,
                0.9941610097885132,
                0.9954161643981934,
                0.9959849119186401,
                0.9975541830062866,
                0.997633695602417,
                0.9978917837142944,
                0.9981860518455505,
                0.9982887506484985,
                0.9980247020721436,
                0.9982956051826477,
                0.9969367980957031,
                0.997588038444519
            ],
            "specificity": [
                0.9996925592422485,
                0.9974087476730347,
                0.9992533922195435,
                0.9994071125984192,
                0.9995169043540955,
                0.9996486306190491,
                0.9995608329772949,
                0.9996706247329712,
                0.9994509816169739,
                0.9996925592422485,
                0.9995608329772949,
                0.9993631839752197,
                0.9996486306190491
            ]
        },
        "combined": {
            "loss": [
                0.02659437313559465,
                0.021765676938230172,
                0.015553055745840538,
                0.015734530315967277,
                0.013369624946790282,
                0.01374391462013591,
                0.011698675341904163,
                0.011775226237659808,
                0.010122283340024296,
                0.01047127179481322,
                0.008507860868121497,
                0.009316449242760427,
                0.0104338964811177
            ]
        }
    },
    "training": {
        "Class": {
            "accuracy": [
                0.9904620051383972,
                0.9948346018791199,
                0.995819628238678,
                0.9965524077415466,
                0.9970028400421143,
                0.9971049427986145,
                0.9976155161857605,
                0.997819721698761,
                0.9980179071426392,
                0.9980779886245728,
                0.9982401728630066,
                0.9984803795814514,
                0.9984803795814514
            ],
            "loss": [
                0.04577817767858505,
                0.022524036467075348,
                0.01759110763669014,
                0.015057266689836979,
                0.01301991194486618,
                0.012417427264153957,
                0.010431157425045967,
                0.009885430335998535,
                0.00873755943030119,
                0.00853520818054676,
                0.0076508549973368645,
                0.006931266747415066,
                0.007060437463223934
            ],
            "precision": [
                0.9388445019721985,
                0.9750663638114929,
                0.9740166664123535,
                0.9764806032180786,
                0.977799654006958,
                0.9773172736167908,
                0.9822551608085632,
                0.9824731945991516,
                0.981886088848114,
                0.9823106527328491,
                0.9833080172538757,
                0.9841967821121216,
                0.985397458076477
            ],
            "recall": [
                0.8369863033294678,
                0.9053424596786499,
                0.9294520616531372,
                0.9441096186637878,
                0.953287661075592,
                0.9561643600463867,
                0.9630137085914612,
                0.9675342440605164,
                0.9727396965026855,
                0.973698616027832,
                0.9764383435249329,
                0.9810959100723267,
                0.9798629879951477
            ],
            "roc_auc": [
                0.9682260751724243,
                0.9913889765739441,
                0.9937984347343445,
                0.9957088232040405,
                0.9958317279815674,
                0.9967526197433472,
                0.9974576234817505,
                0.9973587393760681,
                0.9982312917709351,
                0.9977912902832031,
                0.9981954097747803,
                0.9986827969551086,
                0.998481035232544
            ],
            "specificity": [
                0.9974998831748962,
                0.9989383816719055,
                0.9988629817962646,
                0.9989572167396545,
                0.9990074634552002,
                0.9989823698997498,
                0.9992021918296814,
                0.9992085099220276,
                0.999177098274231,
                0.99919593334198,
                0.9992399215698242,
                0.9992775917053223,
                0.9993341565132141
            ]
        },
        "combined": {
            "loss": [
                0.04587051525595598,
                0.02261960451869527,
                0.017688356776488945,
                0.015155456676438916,
                0.013118388633301947,
                0.012516831011453178,
                0.01053182074247161,
                0.009987572680984158,
                0.008840419606713112,
                0.008638251405500341,
                0.007753751466225367,
                0.007033997026155703,
                0.007162849164160434
            ]
        }
    },
    "validation": {
        "Class": {
            "accuracy": [
                0.9939455389976501,
                0.9946602582931519,
                0.9968886375427246,
                0.9964261651039124,
                0.996930718421936,
                0.9967204928398132,
                0.9982340931892395,
                0.9978557229042053,
                0.9977716207504272,
                0.9976454973220825,
                0.9985284209251404,
                0.9982340931892395,
                0.9980238676071167
            ],