{
    "evaluation_frequency": {
        "frequency": 1,
        "period": "epoch"
    },
    "test": {
        "Class": {
            "accuracy": [
                0.9981786012649536,
                0.998266339302063,
                0.9985516667366028,
                0.9988369345664978,
                0.9988150000572205,
                0.9986174702644348,
                0.9954135417938232,
                0.9913318157196045,
                0.9944918751716614
            ],
            "loss": [
                0.5288997888565063,
                0.37219566106796265,
                0.25575071573257446,
                0.2626221477985382,
                0.2414831966161728,
                0.20514003932476044,
                0.19371367990970612,
                0.15373794734477997,
                0.11176551133394241
            ],
            "precision": [
                0.0,
                0.625,
                0.7179487347602844,
                0.7777777910232544,
                0.7042253613471985,
                0.5980392098426819,
                0.2613636255264282,
                0.15789473056793213,
                0.22549019753932953
            ],
            "recall": [
                0.0,
                0.1204819306731224,
                0.33734938502311707,
                0.5060241222381592,
                0.6024096608161926,
                0.7349397540092468,
                0.8313252925872803,
                0.8674699068069458,
                0.8313252925872803
            ],
            "roc_auc": [
                0.6691367626190186,
                0.934362530708313,
                0.9551410675048828,
                0.9540665745735168,
                0.9537073969841003,
                0.9647888541221619,
                0.9623498916625977,
                0.9641914963722229,
                0.9557514190673828
            ],
            "specificity": [
                1.0,
                0.9998680949211121,
                0.9997581839561462,
                0.9997361898422241,
                0.9995383024215698,
                0.9990985989570618,
                0.9957129955291748,
                0.9915578365325928,
                0.9947896003723145
            ]
        },
        "combined": {
            "loss": [
                0.5292038864863571,
                0.37248995853587985,
                0.25603356494684704,
                0.2628931114450097,
                0.2417432677175384,
                0.20538973683142103,
                0.19395345252996776,
                0.15396836696891114,
                0.11198763499851339
            ]
        }
    },
    "training": {
        "Class": {
            "accuracy": [
                0.718137264251709,
                0.8884803652763367,
                0.9191176295280457,
                0.9399510025978088,
                0.9276960492134094,
                0.9448529481887817,
                0.9313725233078003,
                0.9534313678741455,
                0.9460784196853638
            ],
            "loss": [
                0.5602956414222717,
                0.31604745984077454,
                0.2740689218044281,
                0.19311849772930145,
                0.24919506907463074,
                0.19337673485279083,
                0.21464112401008606,
                0.19072823226451874,
                0.1578906774520874
            ],
            "precision": [
                0.567307710647583,
                0.9209302067756653,
                0.8961538672447205,
                0.9407114386558533,
                0.9176470637321472,
                0.9670782089233398,
                0.9186046719551086,
                0.9756097793579102,
                0.9672130942344666
            ],
            "recall": [
                0.6507353186607361,
                0.7279411554336548,
                0.8566176295280457,
                0.875,
                0.8602941036224365,
                0.8639705777168274,
                0.8713235259056091,
                0.8823529481887817,
                0.8676470518112183
            ],
            "roc_auc": [
                0.7707815170288086,
                0.9185634851455688,
                0.9442548155784607,
                0.9560174942016602,
                0.9469479918479919,
                0.9634109735488892,
                0.9634177684783936,
                0.9633164405822754,
                0.9807187914848328
            ],
            "specificity": [
                0.751838207244873,
                0.96875,
                0.9503676295280457,
                0.9724264740943909,
                0.9613970518112183,
                0.9852941036224365,
                0.9613970518112183,
                0.9889705777168274,
                0.9852941036224365
            ]
        },
        "combined": {
            "loss": [
                0.5603969223011518,
                0.3163489350117743,
                0.2743619638204109,
                0.19340056146029383,
                0.24946546254795976,
                0.1936363757995423,
                0.21489049014053307,
                0.19096774146601092,
                0.1581208787538344
            ]
        }
    },
    "validation": {
        "Class": {
            "accuracy": [
                0.9982882738113403,
                0.9981566071510315,
                0.9985954761505127,
                0.9987272024154663,
                0.9988149404525757,
                0.9987272024154663,
                0.9953476190567017,
                0.991178035736084,
                0.9943820238113403
            ],
            "loss": [
                0.5288740992546082,
                0.3721027672290802,
                0.2555963397026062,
                0.26253581047058105,
                0.2409430295228958,
                0.20453095436096191,
                0.19367408752441406,
                0.15428228676319122,
                0.1117972806096077
            ],
            "precision": [
                0.0,
                0.3636363744735718,
                0.7058823704719543,
                0.75,
                0.6578947305679321,
                0.6000000238418579,
                0.2442748099565506,
                0.14782609045505524,
                0.2165605127811432
            ],
            "recall": [
                0.0,
                0.10256410390138626,
                0.3076923191547394,
                0.38461539149284363,
                0.6410256624221802,
                0.7692307829856873,
                0.8205128312110901,
                0.8717948794364929,
                0.8717948794364929
            ],
            "roc_auc": [
                0.7664372324943542,
                0.9788637161254883,
                0.9879646897315979,
                0.989285945892334,
                0.9860302209854126,
                0.984666109085083,
                0.9835410118103027,
                0.9854282140731812,
                0.9891066551208496
            ],
            "specificity": [
                1.0,
                0.9996922612190247,
                0.9997801780700684,
                0.9997801780700684,
                0.9994284510612488,
                0.9991207122802734,
                0.9956473708152771,
                0.9913827180862427,
                0.9945921897888184
            ]
        },
        "combined": {
            "loss": [
                0.52917309323675,
                0.37240069085964933,
                0.25588504495681264,
                0.2628134601400234,
                0.24120947127812542,
                0.2047868806985207,
                0.1939199315092992,
                0.15451850186218508,
                0.11202457742183469
            ]
        }
    }
}