{
    "evaluation_frequency": {
        "frequency": 1,
        "period": "epoch"
    },
    "test": {
        "Class": {
            "accuracy": [
                0.9988808035850525
            ],
            "loss": [
                0.008849432691931725
            ],
            "precision": [
                0.7666666507720947
            ],
            "recall": [
                0.5542168617248535
            ],
            "roc_auc": [
                0.8951531648635864
            ],
            "specificity": [
                0.9996922016143799
            ]
        },
        "combined": {
            "loss": [
                0.008932585929869674
            ]
        }
    },
    "training": {
        "Class": {
            "accuracy": [
                0.9977490901947021
            ],
            "loss": [
                0.019385363906621933
            ],
            "precision": [
                0.3164556920528412
            ],
            "recall": [
                0.2757352888584137
            ],
            "roc_auc": [
                0.7344397306442261
            ],
            "specificity": [
                0.9989825487136841
            ]
        },
        "combined": {
            "loss": [
                0.019465714089164976
            ]
        }
    },
    "validation": {
        "Class": {
            "accuracy": [
                0.9990344047546387
            ],
            "loss": [
                0.008330758661031723
            ],
            "precision": [
                0.7931034564971924
            ],
            "recall": [
                0.5897436141967773
            ],
            "roc_auc": [
                0.919114351272583
            ],
            "specificity": [
                0.9997361898422241
            ]
        },
        "combined": {
            "loss": [
                0.008412284223595634
            ]
        }
    }
}