{
    "evaluation_frequency": {
        "frequency": 1,
        "period": "epoch"
    },
    "test": {
        "Class": {
            "accuracy": [
                0.9951649308204651,
                0.9964892864227295,
                0.997204065322876,
                0.9970779418945312,
                0.9975824356079102,
                0.997687578201294,
                0.9980869889259338,
                0.9981290102005005,
                0.9986335635185242,
                0.9980028867721558,
                0.9980028867721558,
                0.9984863996505737,
                0.9986335635185242,
                0.9982761740684509,
                0.9986125230789185,
                0.9984443783760071,
                0.9985915422439575
            ],
            "loss": [
                8.032577514648438,
                4.171870231628418,
                6.772683620452881,
                4.020607948303223,
                5.080347061157227,
                3.49029278755188,
                3.4087090492248535,
                5.41769552230835,
                2.8204736709594727,
                3.9150497913360596,
                3.471902847290039,
                2.520975351333618,
                2.7483606338500977,
                3.125441074371338,
                2.570375442504883,
                3.5058939456939697,
                3.595172166824341
            ],
            "precision": [
                0.9601430892944336,
                0.9735772609710693,
                0.9891752600669861,
                0.9720559120178223,
                0.9843276143074036,
                0.9814536571502686,
                0.986947774887085,
                0.9859859943389893,
                0.9919919967651367,
                0.9854563474655151,
                0.9883955717086792,
                0.9890164732933044,
                0.9905189871788025,
                0.9850671887397766,
                0.9924812316894531,
                0.9894947409629822,
                0.9880715608596802
            ],
            "recall": [
                0.9251599907875061,
                0.943377673625946,
                0.944854736328125,
                0.9591334462165833,
                0.9586410522460938,
                0.9640570878982544,
                0.9679960608482361,
                0.9699655175209045,
                0.9758739471435547,
                0.9675036668777466,
                0.9645494818687439,
                0.97538161277771,
                0.9773510694503784,
                0.974396824836731,
                0.9748892188072205,
                0.9739044904708862,
                0.9788281917572021
            ],
            "roc_auc": [
                0.9891213178634644,
                0.9943722486495972,
                0.9951026439666748,
                0.9958927631378174,
                0.9956263899803162,
                0.994706928730011,
                0.9960695505142212,
                0.9972301721572876,
                0.9972702860832214,
                0.9970539808273315,
                0.9978071451187134,
                0.9976394176483154,
                0.9980508685112,
                0.9975665211677551,
                0.9972869157791138,
                0.9972015619277954,
                0.9973254203796387
            ],
            "specificity": [
                0.9982871413230896,
                0.9988580942153931,
                0.9995388388633728,
                0.9987702369689941,
                0.9993192553520203,
                0.9991874694824219,
                0.9994290471076965,
                0.9993851184844971,
                0.9996486306190491,
                0.9993631839752197,
                0.9994949102401733,
                0.9995169043540955,
                0.9995827674865723,
                0.9993411898612976,
                0.9996706247329712,
                0.9995388388633728,
                0.999472975730896
            ]
        },
        "combined": {
            "loss": [
                8.032674628186214,
                4.171969265407824,
                6.772783577129303,
                4.0207095205187215,
                5.080450315268536,
                3.4903961735908524,
                3.4088123841866036,
                5.417799224589544,
                2.8205779399359017,
                3.9151541696264758,
                3.472007436284912,
                2.5210804385351366,
                2.7484659249603283,
                3.12554623442702,
                2.5704805337663856,
                3.5059992798196618,
                3.5952777914426406
            ]
        }
    },
    "training": {
        "Class": {
            "accuracy": [
                0.9303810596466064,
                0.9926062226295471,
                0.9948165416717529,
                0.9961860179901123,
                0.9969307780265808,
                0.9970569014549255,
                0.9972851276397705,
                0.9978497624397278,
                0.9978857636451721,
                0.9979038238525391,
                0.9979758858680725,
                0.9984143376350403,
                0.9984863996505737,
                0.9984022974967957,
                0.9984744191169739,
                0.9986185431480408,
                0.9984863996505737
            ],
            "loss": [
                8.124259948730469,
                6.478192329406738,
                4.5031232833862305,
                3.8591859340667725,
                3.369940757751465,
                2.9542453289031982,
                2.9865365028381348,
                2.5980722904205322,
                2.547348737716675,
                2.605289936065674,
                2.4925801753997803,
                2.2686004638671875,
                1.9649993181228638,
                2.2215073108673096,
                2.1713452339172363,
                1.9805443286895752,
                1.9428635835647583
            ],
            "precision": [
                0.37843504548072815,
                0.8996444344520569,
                0.9311453700065613,
                0.9517418742179871,
                0.9618995785713196,
                0.9618827700614929,
                0.9657236337661743,
                0.9745693206787109,
                0.9735550880432129,
                0.9726642370223999,
                0.9739959239959717,
                0.9825788736343384,
                0.9808952212333679,
                0.98151695728302,
                0.9818107485771179,
                0.9841139316558838,
                0.9806328415870667
            ],
            "recall": [
                0.9149315357208252,
                0.9357534050941467,
                0.9521917700767517,
                0.961780846118927,
                0.968356192111969,
                0.9713698625564575,
                0.9726027250289917,
                0.9764383435249329,
                0.9783561825752258,
                0.9797260165214539,
                0.9800000190734863,
                0.9812328815460205,
                0.9846575260162354,
                0.9820547699928284,
                0.9834246635437012,
                0.9843835830688477,
                0.9849315285682678
            ],
            "roc_auc": [
                0.968632161617279,
                0.987754762172699,
                0.9939662218093872,
                0.9952266216278076,
                0.9960194826126099,
                0.9970577955245972,
                0.9965834021568298,
                0.9976188540458679,
                0.9977434873580933,
                0.9972783327102661,
                0.9979081153869629,
                0.9979842305183411,
                0.9982678890228271,
                0.998115062713623,
                0.9979053139686584,
                0.9984098672866821,
                0.9985472559928894
            ],