{
    "evaluation_frequency": {
        "frequency": 1,
        "period": "epoch"
    },
    "test": {
        "Class": {
            "accuracy": [
                0.9960814714431763,
                0.9578536748886108,
                0.9976254105567932,
                0.9986026287078857,
                0.9986124038696289,
                0.9984755516052246,
                0.9989446401596069,
                0.9987882971763611,
                0.9989348649978638,
                0.9988664388656616,
                0.9981824159622192,
                0.9988957643508911,
                0.9989446401596069,
                0.9989544153213501,
                0.9993941187858582
            ],
            "loss": [
                0.013701722957193851,
                0.0899387076497078,
                0.008497952483594418,
                0.005558597855269909,
                0.005409449804574251,
                0.005973545368760824,
                0.00516920443624258,
                0.005035269074141979,
                0.006341554690152407,
                0.004726434126496315,
                0.008090936578810215,
                0.005195518955588341,
                0.005905417259782553,
                0.005996090359985828,
                0.004135642666369677
            ],
            "precision": [
                0.9964168667793274,
                0.9327148795127869,
                0.9977409839630127,
                0.9990461468696594,
                0.9993460774421692,
                0.999204695224762,
                0.9996995329856873,
                0.9997878074645996,
                0.9997878670692444,
                0.9996641278266907,
                0.9980066418647766,
                0.999487578868866,
                0.9986770153045654,
                0.9993112087249756,
                0.9996644854545593
            ],
            "recall": [
                0.9965047836303711,
                0.995692789554596,
                0.9979699850082397,
                0.9984289407730103,
                0.9981464743614197,
                0.9980405569076538,
                0.9983935952186584,
                0.9980229139328003,
                0.9982876777648926,
                0.9982876777648926,
                0.998711347579956,
                0.9985171556472778,
                0.9994174838066101,
                0.9987996220588684,
                0.9992409348487854
            ],
            "roc_auc": [
                0.999726414680481,
                0.9984890222549438,
                0.9998076558113098,
                0.9998820424079895,
                0.9998975992202759,
                0.9999010562896729,
                0.9998955726623535,
                0.9999338388442993,
                0.9999246597290039,
                0.9999257922172546,
                0.9998726844787598,
                0.9998960494995117,
                0.9999409914016724,
                0.9998611211776733,
                0.9999212622642517
            ],
            "specificity": [
                0.9955565333366394,
                0.9109335541725159,
                0.997198224067688,
                0.9988179802894592,
                0.999190092086792,
                0.9990149736404419,
                0.9996278882026672,
                0.9997373223304749,
                0.9997373223304749,
                0.9995840787887573,
                0.9975265264511108,
                0.9993652105331421,
                0.9983583092689514,
                0.9991463422775269,
                0.9995840787887573
            ]
        },
        "combined": {
            "loss": [
                0.013795450911857188,
                0.09003497308731312,
                0.008594164188252762,
                0.00565222704608459,
                0.005500152466993313,
                0.006062071566702798,
                0.0052554831563611515,
                0.00512040380272083,
                0.006426729538361542,
                0.004811398815945722,
                0.00817582686431706,
                0.005279957455059048,
                0.005989526434859727,
                0.006079904655052815,
                0.004219162430672441
            ]
        }
    },
    "training": {
        "Class": {
            "accuracy": [
                0.9834379553794861,
                0.9956361055374146,
                0.9969762563705444,
                0.997604489326477,
                0.998065173625946,
                0.998403012752533,
                0.9985537528991699,
                0.9987044930458069,
                0.9987659454345703,
                0.998805046081543,
                0.9989139437675476,
                0.998997688293457,
                0.998997688293457,
                0.9990451335906982,
                0.9991177320480347
            ],
            "loss": [
                0.05061160400509834,
                0.01551196537911892,
                0.01188397966325283,
                0.009554984979331493,
                0.008253850974142551,
                0.006761225406080484,
                0.0063629536889493465,
                0.0058564734645187855,
                0.005508992355316877,
                0.005963161122053862,
                0.005142173729836941,
                0.0047654053196311,
                0.004661037586629391,
                0.0043237097561359406,
                0.004117253702133894
            ],
            "precision": [
                0.9882441759109497,
                0.9968789219856262,
                0.9979567527770996,
                0.9982897043228149,
                0.9986169338226318,
                0.9988434314727783,
                0.9988788366317749,
                0.9990296363830566,
                0.9990899562835693,
                0.9991301894187927,
                0.9992357492446899,
                0.9993312358856201,
                0.9993061423301697,
                0.9993463754653931,
                0.9993816018104553
            ],
            "recall": [
                0.9818668961524963,
                0.9952606558799744,
                0.9965975284576416,
                0.9973966479301453,
                0.9978992342948914,
                0.9982811808586121,
                0.9985173940658569,
                0.9986380338668823,
                0.998688280582428,
                0.9987184405326843,
                0.9988088607788086,
                0.9988641738891602,
                0.9988892674446106,
                0.9989345073699951,
                0.9990299940109253
            ],
            "roc_auc": [
                0.9978132843971252,
                0.9996193647384644,
                0.9996578693389893,
                0.9997433423995972,
                0.9998117089271545,
                0.9998370409011841,
                0.9998578429222107,
                0.9998677968978882,
                0.9998776912689209,
                0.9998936653137207,
                0.9998841285705566,
                0.9998968243598938,
                0.9999203085899353,
                0.999932050704956,
                0.9999315738677979
            ],
            "specificity": [
                0.9854015707969666,
                0.996105432510376,
                0.9974496960639954,
                0.9978642463684082,
                0.9982725381851196,
                0.9985552430152893,
                0.9985992312431335,
                0.9987876415252686,
                0.9988630414009094,
                0.9989132881164551,
                0.999045193195343,
                0.9991645216941833,
                0.9991331100463867,
                0.9991834163665771,
                0.9992273449897766
            ]
        },