{
    "evaluation_frequency": {
        "frequency": 1,
        "period": "epoch"
    },
    "test": {
        "Class": {
            "accuracy": [
                0.9931888580322266,
                0.9958376288414001,
                0.996720552444458,
                0.9968466758728027,
                0.9975404143333435,
                0.997687578201294,
                0.9980659484863281,
                0.998360276222229,
                0.9983182549476624,
                0.9980028867721558,
                0.9987807273864746,
                0.9981500506401062,
                0.9982131123542786,
                0.9982972145080566,
                0.9986546039581299,
                0.9985494613647461
            ],
            "loss": [
                8.021973609924316,
                6.93897819519043,
                4.663286209106445,
                4.755997180938721,
                3.704246997833252,
                5.284727573394775,
                4.4502949714660645,
                2.4882705211639404,
                3.099740743637085,
                3.9271695613861084,
                2.5950992107391357,
                1.845893144607544,
                4.133032321929932,
                2.4035863876342773,
                3.161086320877075,
                3.104745626449585
            ],
            "precision": [
                0.9248382449150085,
                0.9707241654396057,
                0.9775853157043457,
                0.9695456624031067,
                0.9742318987846375,
                0.9863291382789612,
                0.986452579498291,
                0.9880059957504272,
                0.9914357662200928,
                0.9908722043037415,
                0.9900645613670349,
                0.9727494120597839,
                0.9929078221321106,
                0.9831516146659851,
                0.9905236959457397,
                0.988545835018158
            ],
            "recall": [
                0.9148203134536743,
                0.9305760860443115,
                0.944854736328125,
                0.9561792016029358,
                0.9679960608482361,
                0.9591334462165833,
                0.9679960608482361,
                0.9734120965003967,
                0.9689807891845703,
                0.9620876312255859,
                0.9812899827957153,
                0.9842442274093628,
                0.9650418758392334,
                0.9768586754798889,
                0.9778434038162231,
                0.9773510694503784
            ],
            "roc_auc": [
                0.9850716590881348,
                0.9938340783119202,
                0.9960880279541016,
                0.9955249428749084,
                0.9973194599151611,
                0.9964441061019897,
                0.9950077533721924,
                0.9971109628677368,
                0.996092677116394,
                0.9982906579971313,
                0.9977033138275146,
                0.9976441860198975,
                0.997930109500885,
                0.9982590675354004,
                0.9966908693313599,
                0.9977192878723145
            ],
            "specificity": [
                0.9966840744018555,
                0.9987483024597168,
                0.9990337491035461,
                0.9986604452133179,
                0.9988580942153931,
                0.9994071125984192,
                0.9994071125984192,
                0.999472975730896,
                0.9996266961097717,
                0.9996047019958496,
                0.9995608329772949,
                0.9987702369689941,
                0.9996925592422485,
                0.9992533922195435,
                0.9995827674865723,
                0.9994949102401733
            ]
        },
        "combined": {
            "loss": [
                8.022072284256865,
                6.939075261565449,
                4.6633843762174365,
                4.75609587332292,
                3.704346771679411,
                5.284828065166948,
                4.45039609860396,
                2.4883720483412617,
                3.099842324401834,
                3.927271378415753,
                2.5952012733760057,
                1.8459953868878074,
                4.133134770425386,
                2.403688991085801,
                3.1611889966079616,
                3.104848428949481
            ]
        }
    },
    "training": {
        "Class": {
            "accuracy": [
                0.9214016199111938,
                0.9886360764503479,
                0.9938855767250061,
                0.9956694841384888,
                0.9962641000747681,
                0.9968947172164917,
                0.9975253939628601,
                0.9976215362548828,
                0.9980419278144836,
                0.9980059266090393,
                0.9982882142066956,
                0.9983242154121399,
                0.9983001947402954,
                0.9985344409942627,
                0.9985945224761963,
                0.9986065626144409
            ],
            "loss": [
                9.0423002243042,
                6.421951770782471,
                5.337979316711426,
                4.219217777252197,
                3.602445125579834,
                2.9477105140686035,
                2.7974278926849365,
                2.760063886642456,
                2.4744532108306885,
                2.504009962081909,
                2.3840067386627197,
                2.232743740081787,
                2.179252862930298,
                1.8216904401779175,
                1.8737072944641113,
                1.963145136833191
            ],
            "precision": [
                0.347992867231369,
                0.8324317932128906,
                0.9163573980331421,
                0.9466395378112793,
                0.9501213431358337,
                0.9572603702545166,
                0.9702348709106445,
                0.9700435996055603,
                0.9771483540534973,
                0.9762164950370789,
                0.9813366532325745,
                0.9793800115585327,
                0.9792377948760986,
                0.9819672107696533,
                0.9821233749389648,
                0.9825232028961182
            ],
            "recall": [
                0.9072602987289429,
                0.9275342226028442,
                0.9469863176345825,
                0.9550684690475464,
                0.9654794335365295,
                0.9726027250289917,
                0.9734246730804443,
                0.9758903980255127,
                0.9782191514968872,
                0.9783561825752258,
                0.97958904504776,
                0.9824657440185547,
                0.9820547699928284,
                0.9846575260162354,
                0.9858903884887695,
                0.9857534170150757
            ],
            "roc_auc": [
                0.9656720757484436,
                0.987670361995697,
                0.9909928441047668,
                0.9950251579284668,
                0.9957598447799683,
                0.9967426061630249,
                0.9974396228790283,
                0.9973929524421692,
                0.9976575970649719,
                0.9979667663574219,
                0.9979580044746399,
                0.9982114434242249,
                0.9982959032058716,
                0.9986906051635742,
                0.9985083341598511,
                0.998647153377533
            ],