{
    "evaluation_frequency": {
        "frequency": 1,
        "period": "epoch"
    },
    "test": {
        "Class": {
            "accuracy": [
                0.9947234392166138,
                0.9948916435241699,
                0.9962790608406067,
                0.9970989227294922,
                0.9971620440483093,
                0.997288167476654,
                0.997792661190033,
                0.9979398250579834,
                0.9978978037834167,
                0.9978137016296387,
                0.9981500506401062,
                0.9976665377616882,
                0.9982761740684509
            ],
            "loss": [
                8.806396484375,
                10.450665473937988,
                4.879931926727295,
                4.749989032745361,
                4.156546115875244,
                5.9185471534729,
                3.4497792720794678,
                2.9047086238861084,
                3.2182016372680664,
                3.641814947128296,
                2.4418044090270996,
                3.345579147338867,
                4.1888275146484375
            ],
            "precision": [
                0.9774678349494934,
                0.934402346611023,
                0.9705584049224854,
                0.9744361042976379,
                0.9674556255340576,
                0.9876922965049744,
                0.9878419637680054,
                0.9806066751480103,
                0.9810662865638733,
                0.984414279460907,
                0.9894206523895264,
                0.9752475023269653,
                0.9914271235466003
            ],
            "recall": [
                0.8970950245857239,
                0.9468242526054382,
                0.9414081573486328,
                0.95716392993927,
                0.9660266041755676,
                0.9483013153076172,
                0.9601181745529175,
                0.9709502458572388,
                0.9694731831550598,
                0.9640570878982544,
                0.9670113325119019,
                0.9699655175209045,
                0.9679960608482361
            ],
            "roc_auc": [
                0.990254819393158,
                0.9911487102508545,
                0.9946830868721008,
                0.9957677125930786,
                0.9965777397155762,
                0.99596107006073,
                0.9973324537277222,
                0.9977936744689941,
                0.9965463280677795,
                0.996914803981781,
                0.9978047013282776,
                0.9970111846923828,
                0.9980853199958801
            ],
            "specificity": [
                0.9990776777267456,
                0.9970354437828064,
                0.9987263679504395,
                0.9988800287246704,
                0.9985506534576416,
                0.999472975730896,
                0.999472975730896,
                0.9991436004638672,
                0.9991655349731445,
                0.9993192553520203,
                0.9995388388633728,
                0.9989020228385925,
                0.9996266961097717
            ]
        },
        "combined": {
            "loss": [
                8.806494747943361,
                10.450766323134303,
                4.880033724919485,
                4.750092414818937,
                4.156652154342737,
                5.91865515520476,
                3.4498886631336063,
                2.904818879389495,
                3.2183120662593865,
                3.641925600124523,
                2.441915232251631,
                3.3456900265227887,
                4.188938479659555
            ]
        }
    },
    "training": {
        "Class": {
            "accuracy": [
                0.927570104598999,
                0.9928224682807922,
                0.9937414526939392,
                0.9957655668258667,
                0.9966124296188354,
                0.9969668388366699,
                0.9968466758728027,
                0.9975734353065491,
                0.9975674748420715,
                0.9977476596832275,
                0.9977055788040161,
                0.9979278445243835,
                0.9980059266090393
            ],
            "loss": [
                8.305519104003906,
                6.125048637390137,
                4.973479270935059,
                4.083334445953369,
                3.480346441268921,
                3.2902886867523193,
                3.286064863204956,
                2.933096170425415,
                2.61053729057312,
                2.840714693069458,
                2.824936628341675,
                2.4665110111236572,
                2.4153943061828613
            ],
            "precision": [
                0.3686447739601135,
                0.9053246378898621,
                0.9143273234367371,
                0.9460300207138062,
                0.9581066370010376,
                0.9645836353302002,
                0.9625836610794067,
                0.9719408750534058,
                0.970648467540741,
                0.9736014008522034,
                0.9727993607521057,
                0.9748736619949341,
                0.9764770269393921
            ],
            "recall": [
                0.9147945046424866,
                0.9339725971221924,
                0.9458904266357422,
                0.9580821990966797,
                0.9649314880371094,
                0.9663013815879822,
                0.9656164646148682,
                0.9727396965026855,
                0.9739726185798645,
                0.9750685095787048,
                0.9749314785003662,
                0.9779452085494995,
                0.9780821800231934
            ],
            "roc_auc": [
                0.9679364562034607,
                0.9888566732406616,
                0.9924954175949097,
                0.9945427775382996,
                0.995908796787262,
                0.9967668056488037,
                0.9968000054359436,
                0.9971033334732056,
                0.9977940320968628,
                0.9974026083946228,
                0.9972056150436401,
                0.9978594183921814,
                0.9977874159812927
            ],
            "specificity": [
                0.9281559586524963,
                0.9955211281776428,
                0.9959357380867004,
                0.99749356508255,
                0.9980652332305908,
                0.9983730316162109,
                0.998278796672821,
                0.9987122416496277,
                0.9986494183540344,
                0.9987876415252686,
                0.9987499117851257,
                0.9988441467285156,
                0.9989195466041565
            ]
        },
        "combined": {
            "loss": [
                8.305614019700442,
                6.125147526428918,
                4.9735805667805835,
                4.083437251625583,
                3.480451275710948,
                3.290395974450803,
                3.2861738007122767,
                2.933205924840877,
                2.6106475552660413,
                2.8408251408545766,
                2.8250473155640066,
                2.466621811974619,
                2.4155051741254283
            ]
        }
    },
    "validation": {
        "Class": {
            "accuracy": [
                0.9952068328857422,
                0.9949545860290527,
                0.9968886375427246,
                0.9977716207504272,
                0.997519314289093,
                0.997897744178772,
                0.9979397654533386,
                0.9977295398712158,
                0.9981920719146729,
                0.9983602166175842,
                0.9981499910354614,
                0.9978136420249939,
                0.9983602166175842
            ],