{
    "evaluation_frequency": {
        "frequency": 1,
        "period": "epoch"
    },
    "test": {
        "Class": {
            "accuracy": [
                0.9950456619262695,
                0.994625449180603,
                0.9951531291007996,
                0.9981433153152466,
                0.9983289837837219,
                0.9984755516052246,
                0.9987882971763611,
                0.9980065226554871,
                0.9981726408004761,
                0.9989446401596069,
                0.9981824159622192,
                0.9992377758026123,
                0.999110758304596
            ],
            "loss": [
                0.018371697515249252,
                0.02034997195005417,
                0.018521202728152275,
                0.00966515764594078,
                0.006479759234935045,
                0.007200599182397127,
                0.005578020587563515,
                0.007945634424686432,
                0.007001565769314766,
                0.0046449145302176476,
                0.006976547185331583,
                0.005568298045545816,
                0.004223058000206947
            ],
            "precision": [
                0.999110996723175,
                0.9943427443504333,
                0.9936006665229797,
                0.9986751079559326,
                0.9998053312301636,
                0.9993282556533813,
                0.9992051720619202,
                0.999805212020874,
                0.9985519051551819,
                0.9997878670692444,
                0.9979364275932312,
                0.9995937347412109,
                0.9996466040611267
            ],
            "recall": [
                0.99193274974823,
                0.9959575533866882,
                0.9976698756217957,
                0.9979699850082397,
                0.9971755743026733,
                0.9979169964790344,
                0.9986054301261902,
                0.9965930581092834,
                0.9981464743614197,
                0.9983053803443909,
                0.9987819790840149,
                0.9990290999412537,
                0.9987466931343079
            ],
            "roc_auc": [
                0.9995659589767456,
                0.9992077350616455,
                0.99949049949646,
                0.9997308850288391,
                0.9998712539672852,
                0.9998421669006348,
                0.9998757839202881,
                0.9998772144317627,
                0.9998906850814819,
                0.9999102354049683,
                0.999893307685852,
                0.9998109340667725,
                0.9999121427536011
            ],
            "specificity": [
                0.9989055395126343,
                0.9929736256599426,
                0.9920324087142944,
                0.9983583092689514,
                0.9997591972351074,
                0.9991682171821594,
                0.9990149736404419,
                0.9997591972351074,
                0.9982051253318787,
                0.9997373223304749,
                0.9974389672279358,
                0.999496579170227,
                0.9995622038841248
            ]
        },
        "combined": {
            "loss": [
                0.01844460458960384,
                0.020420905108039733,
                0.018590508101624437,
                0.009732861421070993,
                0.0065451921909698285,
                0.007265381282195449,
                0.005642572992655914,
                0.008010207428014837,
                0.007065769816108514,
                0.004708311636932194,
                0.007039057796646375,
                0.005629787236102857,
                0.004283514877897687
            ]
        }
    },
    "training": {
        "Class": {
            "accuracy": [
                0.9860456585884094,
                0.9963536858558655,
                0.9973224997520447,
                0.9978306293487549,
                0.9980930685997009,
                0.9983052611351013,
                0.9985648989677429,
                0.998537003993988,
                0.998735249042511,
                0.9988217949867249,
                0.9987770915031433,
                0.9989697337150574,
                0.9989334344863892
            ],
            "loss": [
                0.044441305100917816,
                0.014178913086652756,
                0.01022353209555149,
                0.009023007936775684,
                0.008018093183636665,
                0.00694474158808589,
                0.006168723106384277,
                0.006252387538552284,
                0.005768053233623505,
                0.00570641690865159,
                0.005225811619311571,
                0.004544027149677277,
                0.004620560444891453
            ],
            "precision": [
                0.9901254773139954,
                0.9976235032081604,
                0.9981534481048584,
                0.9985360503196716,
                0.9986521005630493,
                0.9988682866096497,
                0.9989541172981262,
                0.9990444183349609,
                0.9991752505302429,
                0.9991854429244995,
                0.9990297555923462,
                0.999200701713562,
                0.9990350604057312
            ],
            "recall": [
                0.9847014546394348,
                0.995808482170105,
                0.9970247149467468,
                0.9975574612617493,
                0.9979143142700195,
                0.9980801343917847,
                0.9984620809555054,
                0.9983213543891907,
                0.9985475540161133,
                0.9986932873725891,
                0.99876868724823,
                0.9989445805549622,
                0.9990450739860535
            ],
            "roc_auc": [
                0.9980878829956055,
                0.9995583295822144,
                0.9997591376304626,
                0.9997694492340088,
                0.9998082518577576,
                0.9998428821563721,
                0.9998623132705688,
                0.9998735189437866,
                0.999875009059906,
                0.9998841285705566,
                0.9999120831489563,
                0.9999223351478577,
                0.9999229907989502
            ],
            "specificity": [
                0.9877257347106934,
                0.9970350861549377,
                0.9976946711540222,
                0.9981720447540283,
                0.9983165264129639,
                0.9985866546630859,
                0.9986934065818787,
                0.9988064765930176,
                0.9989697933197021,
                0.9989823698997498,
                0.9987876415252686,
                0.9990012049674988,
                0.9987939596176147
            ]
        },
        "combined": {
            "loss": [
                0.044512685693916865,
                0.01425007591751637,
                0.010292644023138564,
                0.009091072257433552,
                0.00808417348889634,
                0.0070093631875352,
                0.0062333890673471615,
                0.0063168162741931155,
                0.00583240211562952,
                0.005770037569163833,
                0.005288621636282187,
                0.004605702750268392,
                0.004681320067902561
            ]
        }
    },
    "validation": {
        "Class": {
            "accuracy": [
                0.9950748682022095,
                0.994429886341095,
                0.994820773601532,
                0.9979869723320007,
                0.9982605576515198,
                0.9982801079750061,
                0.9985342025756836,
                0.9979087710380554,
                0.9981042146682739,
                0.9986709952354431,
                0.9982801079750061,
                0.9991400241851807,
                0.9989055395126343
            ],