{
    "evaluation_frequency": {
        "frequency": 1,
        "period": "epoch"
    },
    "test": {
        "Class": {
            "accuracy": [
                0.9981566667556763,
                0.998266339302063,
                0.9982883334159851,
                0.9985955357551575,
                0.9985296726226807,
                0.9983541369438171,
                0.9950404763221741,
                0.9946235418319702,
                0.9942285418510437,
                0.9902784824371338,
                0.9903223514556885,
                0.9905198812484741,
                0.982663631439209,
                0.9830586314201355,
                0.9846606254577637,
                0.9748074412345886
            ],
            "loss": [
                0.5809051394462585,
                0.4628332555294037,
                0.2678682208061218,
                0.2687038779258728,
                0.27539002895355225,
                0.20348180830478668,
                0.24147194623947144,
                0.14970795810222626,
                0.13579824566841125,
                0.20287582278251648,
                0.07439868897199631,
                0.06967925280332565,
                0.1042550578713417,
                0.07758156210184097,
                0.07105012983083725,
                0.11035270243883133
            ],
            "precision": [
                0.0,
                0.5769230723381042,
                0.6315789222717285,
                0.7714285850524902,
                0.6739130616188049,
                0.5526315569877625,
                0.23999999463558197,
                0.23355263471603394,
                0.22560974955558777,
                0.14566929638385773,
                0.1462450623512268,
                0.1474747508764267,
                0.08558030426502228,
                0.08939213305711746,
                0.09473684430122375,
                0.062448643147945404
            ],
            "recall": [
                0.0,
                0.1807228922843933,
                0.14457830786705017,
                0.3253012001514435,
                0.3734939694404602,
                0.5060241222381592,
                0.7951807379722595,
                0.8554216623306274,
                0.891566276550293,
                0.891566276550293,
                0.891566276550293,
                0.8795180916786194,
                0.8795180916786194,
                0.9036144614219666,
                0.8674699068069458,
                0.9156626462936401
            ],
            "roc_auc": [
                0.873710572719574,
                0.9342136383056641,
                0.9401772022247314,
                0.945068895816803,
                0.9393154382705688,
                0.9490624666213989,
                0.9504880905151367,
                0.9505998492240906,
                0.9544656872749329,
                0.9568620920181274,
                0.9566924571990967,
                0.9583858251571655,
                0.9554026126861572,
                0.9641413688659668,
                0.9654070138931274,
                0.9636989831924438
            ],
            "specificity": [
                0.9999780058860779,
                0.9997581839561462,
                0.9998461008071899,
                0.9998241066932678,
                0.9996702075004578,
                0.9992524981498718,
                0.9954051971435547,
                0.9948775172233582,
                0.9944158792495728,
                0.990458607673645,
                0.9905025959014893,
                0.9907224178314209,
                0.9828518629074097,
                0.983203649520874,
                0.9848744869232178,
                0.9749153852462769
            ]
        },
        "combined": {
            "loss": [
                0.581210281496169,
                0.4631276107975282,
                0.26814956741873175,
                0.2689731288701296,
                0.27564821584383026,
                0.20373091578949243,
                0.24171307950746268,
                0.14994137712346856,
                0.1360243646922754,
                0.2030950853077229,
                0.07461108487041201,
                0.06988493735843804,
                0.10445435927249491,
                0.07777476307819597,
                0.07123762753326446,
                0.11053502891445532
            ]
        }
    },
    "training": {
        "Class": {
            "accuracy": [
                0.7218137383460999,
                0.8639705777168274,
                0.9105392098426819,
                0.9338235259056091,
                0.936274528503418,
                0.9375,
                0.9313725233078003,
                0.9424019455909729,
                0.9424019455909729,
                0.9448529481887817,
                0.9497548937797546,
                0.9509803652763367,
                0.9583333134651184,
                0.9522058963775635,
                0.9534313678741455,
                0.9546568393707275
            ],
            "loss": [
                0.606544554233551,
                0.3833865523338318,
                0.2928008735179901,
                0.24841316044330597,
                0.2659364342689514,
                0.22671814262866974,
                0.20148202776908875,
                0.20073659718036652,
                0.23244377970695496,
                0.19259442389011383,
                0.16468217968940735,
                0.16690635681152344,
                0.11309546232223511,
                0.14559566974639893,
                0.11953745037317276,
                0.1317329704761505
            ],
            "precision": [
                0.5849056839942932,
                0.9214659929275513,
                0.88416987657547,
                0.9579831957817078,
                0.9166666865348816,
                0.9825327396392822,
                0.9186046719551086,
                0.927756667137146,
                0.9446640610694885,
                0.9521912336349487,
                0.9753086566925049,
                0.953125,
                0.9722222089767456,
                0.9396226406097412,
                0.9534883499145508,
                0.953667938709259
            ],
            "recall": [
                0.5698529481887817,
                0.6470588445663452,
                0.841911792755127,
                0.8382353186607361,
                0.8897058963775635,
                0.8272058963775635,
                0.8713235259056091,
                0.8970588445663452,
                0.8786764740943909,
                0.8786764740943909,
                0.8713235259056091,
                0.8970588445663452,
                0.9007353186607361,
                0.9154411554336548,
                0.904411792755127,
                0.908088207244873
            ],
            "roc_auc": [
                0.7249066829681396,
                0.8943487405776978,
                0.9423254132270813,
                0.9483942985534668,
                0.9524930715560913,
                0.9480225443840027,
                0.9652559757232666,
                0.9660399556159973,
                0.964032769203186,
                0.965695321559906,
                0.9740079045295715,
                0.9792792797088623,
                0.985936164855957,
                0.9845439791679382,
                0.98850417137146,
                0.9867740869522095
            ],