{
    "batch_size": 128,
    "best_eval_metric_checkpoint_number": 1,
    "best_eval_metric_epoch": 0,
    "best_eval_metric_steps": 1866,
    "best_eval_metric_value": 0.9850009679794312,
    "best_eval_test_metrics": {
        "Class": {
            "accuracy": 0.9958524703979492,
            "loss": 0.018387841060757637,
            "precision": 0.2879999876022339,
            "recall": 0.8674699068069458,
            "roc_auc": 0.954446017742157,
            "specificity": 0.9960867166519165
        },
        "combined": {
            "loss": 0.018481221813999582
        }
    },
    "best_eval_train_metrics": {
        "Class": {
            "accuracy": 0.9800318479537964,
            "loss": 0.058234069496393204,
            "precision": 0.9690049886703491,
            "recall": 0.9711593985557556,
            "roc_auc": 0.9975305795669556,
            "specificity": 0.9844680428504944
        },
        "combined": {
            "loss": 0.05832495796494186
        }
    },
    "best_eval_validation_metrics": {
        "Class": {
            "accuracy": 0.9947331547737122,
            "loss": 0.018399249762296677,
            "precision": 0.2281879186630249,
            "recall": 0.8717948794364929,
            "roc_auc": 0.9850009679794312,
            "specificity": 0.9949439167976379
        },
        "combined": {
            "loss": 0.018491103073756676
        }
    },
    "best_increase_batch_size_eval_metric": Infinity,
    "checkpoint_number": 6,
    "epoch": 6,
    "last_improvement_steps": 9330,
    "last_increase_batch_size": 0,
    "last_increase_batch_size_eval_metric_improvement": 0,
    "last_increase_batch_size_steps": 0,
    "last_learning_rate_reduction": 0,
    "last_learning_rate_reduction_steps": 0,
    "learning_rate": 0.001,
    "num_increases_batch_size": 0,
    "num_reductions_learning_rate": 0,
    "steps": 11196,
    "test_metrics": {
        "Class": {
            "accuracy": [
                [
                    0,
                    1866,
                    0.9958524703979492
                ],
                [
                    1,
                    3732,
                    0.9970594048500061
                ],
                [
                    2,
                    5598,
                    0.9974544048309326
                ],
                [
                    3,
                    7464,
                    0.9978933334350586
                ],
                [
                    4,
                    9330,
                    0.9975422024726868
                ],
                [
                    5,
                    11196,
                    0.9975202679634094
                ]
            ],
            "loss": [
                [
                    0,
                    1866,
                    0.018387841060757637
                ],
                [
                    1,
                    3732,
                    0.01467579510062933
                ],
                [
                    2,
                    5598,
                    0.015160813927650452
                ],
                [
                    3,
                    7464,
                    0.015530272386968136
                ],
                [
                    4,
                    9330,
                    0.012719123624265194
                ],
                [
                    5,
                    11196,
                    0.01430197712033987
                ]
            ],
            "precision": [
                [
                    0,
                    1866,
                    0.2879999876022339
                ],
                [
                    1,
                    3732,
                    0.3692307770252228
                ],
                [
                    2,
                    5598,
                    0.4057142734527588
                ],
                [
                    3,
                    7464,
                    0.4585987329483032
                ],
                [
                    4,
                    9330,
                    0.4161849617958069
                ],
                [
                    5,
                    11196,
                    0.4137931168079376
                ]
            ],
            "recall": [
                [
                    0,
                    1866,
                    0.8674699068069458
                ],
                [
                    1,
                    3732,
                    0.8674699068069458
                ],
                [
                    2,
                    5598,
                    0.8554216623306274
                ],
                [
                    3,
                    7464,
                    0.8674699068069458
                ],
                [
                    4,
                    9330,
                    0.8674699068069458
                ],
                [
                    5,
                    11196,
                    0.8674699068069458
                ]
            ],
            "roc_auc": [
                [
                    0,
                    1866,
                    0.954446017742157
                ],
                [
                    1,
                    3732,
                    0.9553773403167725
                ],
                [
                    2,
                    5598,
                    0.9572457075119019
                ],
                [
                    3,
                    7464,
                    0.9558000564575195
                ],
                [
                    4,
                    9330,
                    0.9647934436798096
                ],
                [
                    5,
                    11196,
                    0.9504054188728333
                ]
            ],
            "specificity": [
                [
                    0,
                    1866,
                    0.9960867166519165
                ],
                [
                    1,
                    3732,
                    0.9972958564758301
                ],
                [
                    2,
                    5598,
                    0.997713565826416
                ],
                [
                    3,
                    7464,
                    0.998131275177002
                ],
                [
                    4,
                    9330,
                    0.9977795481681824
                ],
                [
                    5,
                    11196,
                    0.9977575540542603
                ]
            ]
        },
        "combined": {
            "loss": [
                [
                    0,
                    1866,
                    0.018481221813999582
                ],
                [
                    1,
                    3732,
                    0.014768979301152285
                ],
                [
                    2,
                    5598,
                    0.01525381864485098
                ],
                [
                    3,
                    7464,
                    0.015622930775862187
                ],
                [
                    4,
                    9330,
                    0.012811107852030545
                ],
                [
                    5,
                    11196,
                    0.014393189529073425
                ]
            ]
        }
    },