{
    "evaluation_frequency": {
        "frequency": 1,
        "period": "epoch"
    },
    "test": {
        "Class": {
            "accuracy": [
                0.9944744110107422,
                0.9981353282928467,
                0.9954506158828735,
                0.9976764917373657,
                0.998525857925415,
                0.9990139603614807,
                0.9988577961921692,
                0.9988089799880981,
                0.9990237355232239,
                0.9992384910583496,
                0.9992678165435791,
                0.9993458986282349,
                0.9993166327476501,
                0.9991506338119507,
                0.9993752241134644,
                0.9993752241134644,
                0.9993264079093933,
                0.9993849396705627
            ],
            "loss": [
                2.4451794624328613,
                1.92841374874115,
                1.6139830350875854,
                2.7980639934539795,
                3.4127748012542725,
                0.8571004867553711,
                1.7873308658599854,
                1.1716606616973877,
                1.370373249053955,
                1.72984778881073,
                0.8654007911682129,
                1.2580317258834839,
                1.5533649921417236,
                1.9908560514450073,
                0.7970411777496338,
                0.8234062194824219,
                1.2300461530685425,
                0.9728607535362244
            ],
            "precision": [
                0.9931012988090515,
                0.999099850654602,
                0.993424654006958,
                0.9984651207923889,
                0.9996821880340576,
                0.9990485310554504,
                0.9995412826538086,
                0.9987492561340332,
                0.9994709491729736,
                0.9997001886367798,
                0.999347984790802,
                0.9997531175613403,
                0.9997531175613403,
                0.9997177720069885,
                0.9995593428611755,
                0.9996650218963623,
                0.9998059868812561,
                0.9994537234306335
            ],
            "recall": [
                0.9969514012336731,
                0.9975329041481018,
                0.9983963966369629,
                0.9973390698432922,
                0.9976562857627869,
                0.9991717338562012,
                0.9983963966369629,
                0.9991012811660767,
                0.9987664818763733,
                0.9989250302314758,
                0.9993303418159485,
                0.9990660548210144,
                0.9990131855010986,
                0.9987488389015198,
                0.9993127584457397,
                0.9992070198059082,
                0.9989778995513916,
                0.99943608045578
            ],
            "roc_auc": [
                0.9995026588439941,
                0.9997483491897583,
                0.9993332624435425,
                0.9996631145477295,
                0.9998119473457336,
                0.9999111890792847,
                0.999841034412384,
                0.9998763799667358,
                0.9998657703399658,
                0.9999033808708191,
                0.9999144673347473,
                0.9999645948410034,
                0.9999039173126221,
                0.9998829364776611,
                0.9999260306358337,
                0.9999239444732666,
                0.9999144077301025,
                0.9999451041221619
            ],
            "specificity": [
                0.9913976192474365,
                0.9988836646080017,
                0.9917916059494019,
                0.9980956315994263,
                0.9996060132980347,
                0.9988179802894592,
                0.9994308948516846,
                0.9984458684921265,
                0.9993433356285095,
                0.9996278882026672,
                0.999190092086792,
                0.9996935725212097,
                0.9996935725212097,
                0.9996497631072998,
                0.9994527697563171,
                0.9995840787887573,
                0.9997591972351074,
                0.999321460723877
            ]
        },
        "combined": {
            "loss": [
                2.445256058985251,
                1.9284895140153822,
                1.6140573693846818,
                2.7981374571827473,
                3.412847421997867,
                0.8571721778716892,
                1.7874017172725871,
                1.1717304218618665,
                1.370442453378928,
                1.729915986325068,
                0.8654681472980883,
                1.2580981879873434,
                1.5534305432156543,
                1.9909208217213745,
                0.7971056085516466,
                0.823470516850648,
                1.2301102726050885,
                0.9729245056732907
            ]
        }
    },
    "training": {
        "Class": {
            "accuracy": [
                0.924186646938324,
                0.9940169453620911,
                0.9963237047195435,
                0.997210681438446,
                0.9975928068161011,
                0.997843861579895,
                0.9982594847679138,
                0.998465895652771,
                0.9986304640769958,
                0.9986639022827148,
                0.9988842606544495,
                0.9989289045333862,
                0.9990014433860779,
                0.9990823268890381,
                0.9990962743759155,
                0.9991715550422668,
                0.999121367931366,
                0.9992468953132629
            ],
            "loss": [
                3.8220229148864746,
                3.1822783946990967,
                2.6471478939056396,
                2.360846757888794,
                2.1932694911956787,
                1.9673926830291748,
                1.6763644218444824,
                1.6092965602874756,
                1.5248042345046997,
                1.3889784812927246,
                1.2639141082763672,
                1.1370844841003418,
                1.1278095245361328,
                1.107112169265747,
                1.0232094526290894,
                0.9310271143913269,
                1.0053114891052246,
                0.8977897763252258
            ],
            "precision": [
                0.8828278183937073,
                0.9924769401550293,
                0.995837926864624,
                0.9970076680183411,
                0.9975829720497131,
                0.9978286027908325,
                0.9982396960258484,
                0.9984802603721619,
                0.9985506534576416,
                0.9986357688903809,
                0.9988564252853394,
                0.9988865256309509,
                0.9989216923713684,
                0.9990319609642029,
                0.9990420341491699,
                0.999137282371521,
                0.9991071224212646,
                0.9992625713348389
            ],
            "recall": [
                0.9958006739616394,
                0.9967940449714661,
                0.9975566267967224,
                0.9979780912399292,
                0.9980884790420532,
                0.9982941746711731,
                0.9986303448677063,
                0.9987607598304749,
                0.998986542224884,
                0.9989614486694336,
                0.9991370439529419,
                0.9991872310638428,
                0.9992825388908386,
                0.9993176460266113,
                0.9993327260017395,
                0.9993728399276733,
                0.9993126392364502,
                0.9993829131126404
            ],