{
    "evaluation_frequency": {
        "frequency": 1,
        "period": "epoch"
    },
    "test": {
        "Class": {
            "accuracy": [
                0.9951438903808594,
                0.996047854423523,
                0.9969307780265808,
                0.9974142909049988,
                0.997687578201294,
                0.9978347420692444,
                0.9979819059371948,
                0.9982341527938843,
                0.997792661190033,
                0.9978557229042053,
                0.997771680355072,
                0.9962790608406067,
                0.9981920719146729,
                0.998465359210968,
                0.9982131123542786
            ],
            "loss": [
                4.6469831466674805,
                4.8027801513671875,
                5.90134859085083,
                3.4264492988586426,
                4.329087257385254,
                3.8313069343566895,
                2.7890825271606445,
                4.685282230377197,
                4.057969093322754,
                4.590346336364746,
                2.2415595054626465,
                6.609261512756348,
                4.593863487243652,
                5.387668132781982,
                3.136338710784912
            ],
            "precision": [
                0.9596527218818665,
                0.9670552611351013,
                0.9901195764541626,
                0.9750996232032776,
                0.9918074607849121,
                0.9903357028961182,
                0.9878970980644226,
                0.9914184808731079,
                0.9844064116477966,
                0.9903405904769897,
                0.9688261151313782,
                0.9783281683921814,
                0.9919069409370422,
                0.9904809594154358,
                0.9869869947433472
            ],
            "recall": [
                0.9251599907875061,
                0.9394387006759644,
                0.9374692440032959,
                0.9640570878982544,
                0.9537173509597778,
                0.9586410522460938,
                0.9645494818687439,
                0.9670113325119019,
                0.9635647535324097,
                0.9591334462165833,
                0.9793205261230469,
                0.9335302710533142,
                0.9655342102050781,
                0.9734120965003967,
                0.9709502458572388
            ],
            "roc_auc": [
                0.9885154962539673,
                0.9942581653594971,
                0.9957212209701538,
                0.996523916721344,
                0.9971420764923096,
                0.9974705576896667,
                0.9975074529647827,
                0.9982119798660278,
                0.9963034391403198,
                0.9976502656936646,
                0.9984740614891052,
                0.9938764572143555,
                0.9977092742919922,
                0.9975039958953857,
                0.9977020025253296
            ],
            "specificity": [
                0.9982652068138123,
                0.9985726475715637,
                0.9995827674865723,
                0.9989020228385925,
                0.9996486306190491,
                0.9995827674865723,
                0.999472975730896,
                0.9996266961097717,
                0.9993192553520203,
                0.9995827674865723,
                0.9985945820808411,
                0.9990776777267456,
                0.9996486306190491,
                0.9995827674865723,
                0.9994290471076965
            ]
        },
        "combined": {
            "loss": [
                4.647076593188103,
                4.8028719191934215,
                5.901439418550581,
                3.426540068438044,
                4.329178803796822,
                3.831398532478488,
                2.789174459736387,
                4.685375080356607,
                4.058062952295586,
                4.590440509004111,
                2.2416540466729202,
                6.6093561162633705,
                4.593957972683711,
                5.387762285157805,
                3.136432333551056
            ]
        }
    },
    "training": {
        "Class": {
            "accuracy": [
                0.9334622621536255,
                0.9923840165138245,
                0.9951709508895874,
                0.9961619973182678,
                0.9968706965446472,
                0.9973512291908264,
                0.9977295994758606,
                0.9980779886245728,
                0.9980899691581726,
                0.998047947883606,
                0.9983062148094177,
                0.9982461333274841,
                0.998408317565918,
                0.9984383583068848,
                0.9984443783760071
            ],
            "loss": [
                8.87069320678711,
                5.803955078125,
                4.548208236694336,
                3.8953609466552734,
                3.30002760887146,
                2.888577938079834,
                2.68526291847229,
                2.6684563159942627,
                2.469554901123047,
                2.343611478805542,
                2.180001735687256,
                2.129721164703369,
                2.042811393737793,
                2.055205821990967,
                2.107452154159546
            ],
            "precision": [
                0.38990557193756104,
                0.8934255242347717,
                0.9391562938690186,
                0.9514707922935486,
                0.9610937237739563,
                0.9666621088981628,
                0.9729434251785278,
                0.9783443212509155,
                0.9770429134368896,
                0.9754601120948792,
                0.980816662311554,
                0.9775143265724182,
                0.9781160950660706,
                0.9799563884735107,
                0.9791751503944397
            ],
            "recall": [
                0.9164383411407471,
                0.9382191896438599,
                0.9515068531036377,
                0.9615068435668945,
                0.9678082466125488,
                0.9731506705284119,
                0.9753424525260925,
                0.9778082370758057,
                0.9794520735740662,
                0.9801369905471802,
                0.9805479645729065,
                0.9826027154922485,
                0.9857534170150757,
                0.9845205545425415,
                0.985479474067688
            ],
            "roc_auc": [
                0.969161331653595,
                0.9888543486595154,
                0.9934171438217163,
                0.9950230121612549,
                0.9964645504951477,
                0.9969717264175415,
                0.9972555637359619,
                0.99709153175354,
                0.9975575804710388,
                0.9979392290115356,
                0.9981702566146851,
                0.9981368780136108,
                0.9978781938552856,
                0.998160183429718,
                0.9980520009994507
            ],
            "specificity": [
                0.9342429041862488,
                0.9948678612709045,
                0.9971732497215271,
                0.9977511167526245,
                0.998203456401825,
                0.9984609484672546,
                0.9987562298774719,
                0.9990074634552002,
                0.9989446997642517,
                0.9988692998886108,
                0.9991205334663391,
                0.9989635348320007,
                0.9989886283874512,
                0.9990766048431396,
                0.9990388751029968
            ]
        },