{
    "evaluation_frequency": {
        "frequency": 1,
        "period": "epoch"
    },
    "test": {
        "Class": {
            "accuracy": [
                0.9988808035850525,
                0.9991880655288696,
                0.9991002678871155,
                0.9990783333778381,
                0.9991880655288696,
                0.999210000038147,
                0.9992319345474243,
                0.9991660714149475
            ],
            "loss": [
                0.008849432691931725,
                0.0054189846850931644,
                0.0044417413882911205,
                0.005302703473716974,
                0.0056290291249752045,
                0.007326982449740171,
                0.005486521404236555,
                0.004552418831735849
            ],
            "precision": [
                0.7666666507720947,
                0.7948718070983887,
                0.7560975551605225,
                0.7356321811676025,
                0.7948718070983887,
                0.8133333325386047,
                0.807692289352417,
                0.7848101258277893
            ],
            "recall": [
                0.5542168617248535,
                0.7469879388809204,
                0.7469879388809204,
                0.7710843086242676,
                0.7469879388809204,
                0.7349397540092468,
                0.759036123752594,
                0.7469879388809204
            ],
            "roc_auc": [
                0.8951531648635864,
                0.9251750707626343,
                0.9658221006393433,
                0.9411212801933289,
                0.941673994064331,
                0.9384883642196655,
                0.9513830542564392,
                0.9532670974731445
            ],
            "specificity": [
                0.9996922016143799,
                0.9996482729911804,
                0.9995602965354919,
                0.9994943737983704,
                0.9996482729911804,
                0.9996922016143799,
                0.9996702075004578,
                0.9996262788772583
            ]
        },
        "combined": {
            "loss": [
                0.008932585929869674,
                0.005502174375578761,
                0.00452418142958777,
                0.005384556876379065,
                0.00571080700319726,
                0.007408061122987419,
                0.00556655487162061,
                0.004631730284017976
            ]
        }
    },
    "training": {
        "Class": {
            "accuracy": [
                0.9977490901947021,
                0.9990218877792358,
                0.9992727041244507,
                0.9991723895072937,
                0.9992413520812988,
                0.9993667602539062,
                0.9993730187416077,
                0.9993667602539062
            ],
            "loss": [
                0.019385363906621933,
                0.006601880304515362,
                0.005329007748514414,
                0.0052703432738780975,
                0.004619175568223,
                0.004089048597961664,
                0.004330658353865147,
                0.004317926708608866
            ],
            "precision": [
                0.3164556920528412,
                0.7735849022865295,
                0.8391304612159729,
                0.8181818127632141,
                0.8240343332290649,
                0.8518518805503845,
                0.8613445162773132,
                0.857740581035614
            ],
            "recall": [
                0.2757352888584137,
                0.6029411554336548,
                0.7095588445663452,
                0.6617646813392639,
                0.7058823704719543,
                0.7610294222831726,
                0.7536764740943909,
                0.7536764740943909
            ],
            "roc_auc": [
                0.7344397306442261,
                0.9006862044334412,
                0.9096140265464783,
                0.9227466583251953,
                0.937265157699585,
                0.9515276551246643,
                0.9458763003349304,
                0.9452155828475952
            ],
            "specificity": [
                0.9989825487136841,
                0.9996985197067261,
                0.9997676014900208,
                0.9997487664222717,
                0.9997425079345703,
                0.9997739195823669,
                0.999792754650116,
                0.9997864365577698
            ]
        },
        "combined": {
            "loss": [
                0.019465714089164976,
                0.006683824060019106,
                0.005411627069406677,
                0.005351592320948839,
                0.004700795740063768,
                0.004169878018728923,
                0.004410816727613565,
                0.00439747488417197
            ]
        }
    },
    "validation": {
        "Class": {
            "accuracy": [
                0.9990344047546387,
                0.9992977380752563,
                0.9992538690567017,
                0.9993416666984558,
                0.9993855357170105,
                0.9993416666984558,
                0.9992977380752563,
                0.9993855357170105
            ],
            "loss": [
                0.008330758661031723,
                0.004638832062482834,
                0.003777045989409089,
                0.005171714350581169,
                0.004587895702570677,
                0.006153849419206381,
                0.003861663630232215,
                0.003231896087527275
            ],
            "precision": [
                0.7931034564971924,
                0.8108108043670654,
                0.8055555820465088,
                0.8157894611358643,
                0.837837815284729,
                0.8333333134651184,
                0.8108108043670654,
                0.837837815284729
            ],
            "recall": [
                0.5897436141967773,
                0.7692307829856873,
                0.7435897588729858,
                0.7948718070983887,
                0.7948718070983887,
                0.7692307829856873,
                0.7692307829856873,
                0.7948718070983887
            ],
            "roc_auc": [
                0.919114351272583,
                0.9418841600418091,
                0.9906442761421204,
                0.9226113557815552,
                0.9603463411331177,
                0.9359555244445801,
                0.948200523853302,
                0.9738956689834595
            ],
            "specificity": [
                0.9997361898422241,
                0.9996922612190247,
                0.9996922612190247,
                0.9996922612190247,
                0.9997361898422241,
                0.9997361898422241,
                0.9996922612190247,
                0.9997361898422241
            ]
        },
        "combined": {
            "loss": [
                0.008412284223595634,
                0.004721245662949514,
                0.00385960176208755,
                0.005253177383565344,
                0.004669573077990208,
                0.0062347590501303785,
                0.003941778209991753,
                0.003311363674583845
            ]
        }
    }
}