{
    "evaluation_frequency": {
        "frequency": 1,
        "period": "epoch"
    },
    "test": {
        "Class": {
            "accuracy": [
                0.9953751564025879,
                0.9952279925346375,
                0.9963842034339905,
                0.997309148311615,
                0.9976034760475159,
                0.9979608654975891,
                0.9978557229042053,
                0.9979608654975891,
                0.9980869889259338,
                0.9979187846183777
            ],
            "loss": [
                11.31961727142334,
                4.857873916625977,
                7.0705790519714355,
                4.568420886993408,
                5.436120986938477,
                4.361063480377197,
                3.652675151824951,
                6.617738246917725,
                3.234837293624878,
                3.918771982192993
            ],
            "precision": [
                0.9773326516151428,
                0.9452122449874878,
                0.9744767546653748,
                0.9867007732391357,
                0.9863013625144958,
                0.9873992204666138,
                0.9781854152679443,
                0.9913617968559265,
                0.9864593744277954,
                0.9834834933280945
            ],
            "recall": [
                0.9128507971763611,
                0.9428852796554565,
                0.9399310946464539,
                0.9497784376144409,
                0.95716392993927,
                0.9645494818687439,
                0.9714426398277283,
                0.9606105089187622,
                0.9684884548187256,
                0.9675036668777466
            ],
            "roc_auc": [
                0.9865656495094299,
                0.9936579465866089,
                0.990425705909729,
                0.9952006936073303,
                0.9949784278869629,
                0.9959683418273926,
                0.996071994304657,
                0.9959195852279663,
                0.9958924055099487,
                0.9962707161903381
            ],
            "specificity": [
                0.9990557432174683,
                0.9975624680519104,
                0.9989020228385925,
                0.9994290471076965,
                0.9994071125984192,
                0.9994509816169739,
                0.9990337491035461,
                0.9996266961097717,
                0.9994071125984192,
                0.9992753267288208
            ]
        },
        "combined": {
            "loss": [
                11.319715888901555,
                4.857969490694813,
                7.070674579939805,
                4.568518064384989,
                5.436220435985888,
                4.361164131521946,
                3.6527768317246228,
                6.617840351747873,
                3.234939775065868,
                3.9188745889623533
            ]
        }
    },
    "training": {
        "Class": {
            "accuracy": [
                0.9319667220115662,
                0.9925702214241028,
                0.9942880272865295,
                0.995639443397522,
                0.9958436489105225,
                0.9971230030059814,
                0.9972251057624817,
                0.9977476596832275,
                0.9976815581321716,
                0.9980059266090393
            ],
            "loss": [
                8.257718086242676,
                6.143919467926025,
                4.924942970275879,
                4.028038501739502,
                3.4871835708618164,
                2.994354009628296,
                2.877612829208374,
                2.3951199054718018,
                2.333646297454834,
                2.54685115814209
            ],
            "precision": [
                0.3842616677284241,
                0.8972611427307129,
                0.9229846596717834,
                0.9429919123649597,
                0.9430142045021057,
                0.9628171920776367,
                0.9642857313156128,
                0.9710243344306946,
                0.9684281945228577,
                0.9755664467811584
            ],
            "recall": [
                0.9157534241676331,
                0.9379451870918274,
                0.9489040970802307,
                0.958493173122406,
                0.9634246826171875,
                0.9719178080558777,
                0.9727396965026855,
                0.9778082370758057,
                0.9790410995483398,
                0.9790410995483398
            ],
            "roc_auc": [
                0.9703934192657471,
                0.9894320368766785,
                0.9931032657623291,
                0.9951011538505554,
                0.9958256483078003,
                0.9968146085739136,
                0.997148871421814,
                0.9977846145629883,
                0.9979929327964783,
                0.9974195957183838
            ],
            "specificity": [
                0.9327101707458496,
                0.9950751066207886,
                0.9963691830635071,
                0.9973428249359131,
                0.9973302483558655,
                0.998278796672821,
                0.9983478784561157,
                0.998661994934082,
                0.9985363483428955,
                0.9988755583763123
            ]
        },
        "combined": {
            "loss": [
                8.257815069708158,
                6.144014431381947,
                4.925038159846736,
                4.028134661195509,
                3.487282180627517,
                2.994454252453579,
                2.8777140169913764,
                2.3952218414924573,
                2.333748621160339,
                2.546953660908912
            ]
        }
    },
    "validation": {
        "Class": {
            "accuracy": [
                0.9956693649291992,
                0.9962579607963562,
                0.9963000416755676,
                0.9973511695861816,
                0.9977716207504272,
                0.9978557229042053,
                0.9975613951683044,
                0.9981079697608948,
                0.9978136420249939,
                0.9982340931892395
            ],
            "loss": [
                11.382673263549805,
                4.2539191246032715,
                7.952727317810059,
                4.529418468475342,
                5.025768756866455,
                4.410550594329834,
                4.379184246063232,
                7.49884033203125,
                4.590953826904297,
                4.314834117889404
            ],
            "precision": [
                0.9858299493789673,
                0.9682692289352417,
                0.9850746393203735,
                0.9921259880065918,
                0.9950980544090271,
                0.9922178983688354,
                0.9790276288986206,
                0.9970703125,
                0.9931707382202148,
                0.9932367205619812
            ],
            "recall": [
                0.9162746667861938,
                0.9473189115524292,
                0.9313264489173889,
                0.9482596516609192,
                0.9548447728157043,
                0.9595484733581543,
                0.9661335945129395,
                0.9604891538619995,
                0.9576669931411743,
                0.9670743346214294
            ],
            "roc_auc": [
                0.9892100095748901,
                0.9972267150878906,
                0.9925769567489624,
                0.9976376295089722,
                0.998064398765564,
                0.9979023933410645,
                0.9961823225021362,
                0.9961678981781006,
                0.9945046305656433,
                0.9966198801994324
            ],