{
    "evaluation_frequency": {
        "frequency": 1,
        "period": "epoch"
    },
    "test": {
        "Class": {
            "accuracy": [
                0.9953961372375488,
                0.99623703956604,
                0.9969518184661865,
                0.9974142909049988,
                0.9974142909049988,
                0.9978557229042053,
                0.9975193738937378,
                0.9982761740684509,
                0.9979608654975891,
                0.998465359210968,
                0.998465359210968,
                0.99825519323349,
                0.998465359210968,
                0.9987596869468689,
                0.9984233379364014,
                0.9988017678260803,
                0.9985915422439575,
                0.9985915422439575,
                0.9986335635185242,
                0.9987596869468689,
                0.9987386465072632,
                0.9986125230789185,
                0.9987386465072632
            ],
            "loss": [
                0.02371126040816307,
                0.016143329441547394,
                0.014086454175412655,
                0.013450543396174908,
                0.012357081286609173,
                0.011952690780162811,
                0.013080108910799026,
                0.007801302243024111,
                0.009507079608738422,
                0.0086668124422431,
                0.008853002451360226,
                0.009813474491238594,
                0.007307835854589939,
                0.007382601965218782,
                0.007283956278115511,
                0.011118735186755657,
                0.01056637056171894,
                0.006895170547068119,
                0.007311033084988594,
                0.009148385375738144,
                0.007977182976901531,
                0.011365792714059353,
                0.007323254365473986
            ],
            "precision": [
                0.9886731505393982,
                0.9858341813087463,
                0.9845837354660034,
                0.9872318506240845,
                0.9907407164573669,
                0.9908397197723389,
                0.9862735271453857,
                0.9914271235466003,
                0.9918616414070129,
                0.9909729361534119,
                0.985615074634552,
                0.9899396300315857,
                0.991959810256958,
                0.9925075173377991,
                0.9919517040252686,
                0.992514967918396,
                0.9914914965629578,
                0.989531397819519,
                0.991008996963501,
                0.9929999709129333,
                0.9915211796760559,
                0.9900249242782593,
                0.9925037622451782
            ],
            "recall": [
                0.9025110602378845,
                0.9251599907875061,
                0.943377673625946,
                0.9517478942871094,
                0.9483013153076172,
                0.9586410522460938,
                0.9551944732666016,
                0.9679960608482361,
                0.9601181745529175,
                0.972919762134552,
                0.9783357977867126,
                0.9689807891845703,
                0.9719350337982178,
                0.9783357977867126,
                0.9709502458572388,
                0.9793205261230469,
                0.97538161277771,
                0.9773510694503784,
                0.9768586754798889,
                0.9778434038162231,
                0.9788281917572021,
                0.9773510694503784,
                0.9778434038162231
            ],
            "roc_auc": [
                0.9936767220497131,
                0.995414137840271,
                0.995734691619873,
                0.9956670999526978,
                0.9964371919631958,
                0.9964243173599243,
                0.9950988292694092,
                0.9984794855117798,
                0.9980191588401794,
                0.9982369542121887,
                0.9981987476348877,
                0.9979511499404907,
                0.9984341859817505,
                0.9983896017074585,
                0.9983299970626831,
                0.9987194538116455,
                0.9981675148010254,
                0.9978679418563843,
                0.9985715746879578,
                0.997751772403717,
                0.9980688095092773,
                0.9975983500480652,
                0.9978669881820679
            ],
            "specificity": [
                0.9995388388633728,
                0.9994071125984192,
                0.9993411898612976,
                0.9994509816169739,
                0.9996047019958496,
                0.9996047019958496,
                0.9994071125984192,
                0.9996266961097717,
                0.9996486306190491,
                0.9996047019958496,
                0.9993631839752197,
                0.9995608329772949,
                0.9996486306190491,
                0.9996706247329712,
                0.9996486306190491,
                0.9996706247329712,
                0.9996266961097717,
                0.9995388388633728,
                0.9996047019958496,
                0.9996925592422485,
                0.9996266961097717,
                0.9995608329772949,
                0.9996706247329712
            ]
        },
        "combined": {
            "loss": [
                0.023806937904737424,
                0.016236369287071284,
                0.014178808029100765,
                0.013542239496018738,
                0.012449832029233221,
                0.012046127958456054,
                0.013173168437788263,
                0.007894211012171581,
                0.009599545352102723,
                0.008758994794334285,
                0.00894498977868352,
                0.009905102029733825,
                0.0073992456891573966,
                0.007474015430489089,
                0.007375499633781146,
                0.011210477321583312,
                0.010658439765393268,
                0.006987476197537035,
                0.007403599091048818,
                0.009241034604201559,
                0.008069835399510339,
                0.011458466491603758,
                0.007415961285005324
            ]
        }
    },
    "training": {
        "Class": {
            "accuracy": [
                0.9891646504402161,
                0.994852602481842,
                0.9957175254821777,
                0.9965043067932129,
                0.9966845512390137,
                0.9970508813858032,
                0.9974052906036377,
                0.997771680355072,
                0.9976635575294495,
                0.9979038238525391,
                0.9980359673500061,
                0.9981080293655396,
                0.9983542561531067,
                0.9985825419425964,
                0.9984863996505737,
                0.9986305832862854,
                0.9986966252326965,
                0.9986786246299744,
                0.9987506866455078,
                0.9988167881965637,
                0.9988467693328857,
                0.9989248514175415,
                0.9989969730377197
            ],