{
    "evaluation_frequency": {
        "frequency": 1,
        "period": "epoch"
    },
    "test": {
        "Class": {
            "accuracy": [
                0.9939929842948914,
                0.9974961280822754,
                0.9978585839271545,
                0.998023271560669,
                0.9983856678009033,
                0.9987810254096985,
                0.9987151622772217,
                0.9990226030349731,
                0.9990885257720947,
                0.9990226030349731,
                0.9995278120040894,
                0.9991873502731323,
                0.9992861747741699,
                0.9993630647659302,
                0.9992422461509705,
                0.9992752075195312,
                0.9995278120040894,
                0.9995167851448059,
                0.9993520975112915,
                0.9992752075195312
            ],
            "loss": [
                0.01933775655925274,
                0.009599779732525349,
                0.008020485751330853,
                0.0069564408622682095,
                0.006865255534648895,
                0.00511782243847847,
                0.005437259562313557,
                0.006977671291679144,
                0.0037495503202080727,
                0.0038941907696425915,
                0.002563424874097109,
                0.003969823941588402,
                0.0033819936215877533,
                0.0036196564324200153,
                0.003776201047003269,
                0.004143604543060064,
                0.0022843400947749615,
                0.0030860549304634333,
                0.003476447658613324,
                0.003896496258676052
            ],
            "precision": [
                0.997694730758667,
                0.9990509748458862,
                0.9995585083961487,
                0.9997350573539734,
                0.9994708299636841,
                0.9991193413734436,
                0.9995812773704529,
                0.9997796416282654,
                0.9997797012329102,
                0.9996915459632874,
                0.999691903591156,
                0.9994276762008667,
                0.9997137188911438,
                0.9997357726097107,
                0.9997577667236328,
                0.9998458027839661,
                0.9998238682746887,
                0.9997798800468445,
                0.9998018145561218,
                0.9995817542076111
            ],
            "recall": [
                0.9902536869049072,
                0.9959298372268677,
                0.9961498975753784,
                0.9963038563728333,
                0.9972938895225525,
                0.9984379410743713,
                0.9978439211845398,
                0.9982619285583496,
                0.9983939528465271,
                0.9983499646186829,
                0.9993619918823242,
                0.9989439845085144,
                0.9988559484481812,
                0.9989879727363586,
                0.9987239837646484,
                0.9987019300460815,
                0.9992299675941467,
                0.9992519617080688,
                0.9988999366760254,
                0.9989659786224365
            ],
            "roc_auc": [
                0.999463677406311,
                0.9997609257698059,
                0.9998611211776733,
                0.9998852014541626,
                0.9998316764831543,
                0.9998748302459717,
                0.999906599521637,
                0.9998728036880493,
                0.9999403357505798,
                0.9999444484710693,
                0.9999442100524902,
                0.9999372363090515,
                0.999944269657135,
                0.9999302625656128,
                0.9999399781227112,
                0.9999563694000244,
                0.999964714050293,
                0.9999595284461975,
                0.9999296069145203,
                0.9999114274978638
            ],
            "specificity": [
                0.9977196455001831,
                0.9990571737289429,
                0.9995614886283875,
                0.9997369050979614,
                0.9994737505912781,
                0.9991229176521301,
                0.9995834231376648,
                0.9997807145118713,
                0.9997807145118713,
                0.9996930360794067,
                0.9996930360794067,
                0.9994299411773682,
                0.9997149705886841,
                0.9997369050979614,
                0.999758780002594,
                0.9998465180397034,
                0.999824583530426,
                0.9997807145118713,
                0.9998026490211487,
                0.9995834231376648
            ]
        },
        "combined": {
            "loss": [
                0.01944764022482559,
                0.00971534600830637,
                0.008136325239320286,
                0.007070668529195245,
                0.006977153505431488,
                0.00522857609030325,
                0.0055464958713855594,
                0.007085523240675684,
                0.0038565460563404486,
                0.004000459666713141,
                0.00266888670012122,
                0.004074620905157644,
                0.003485964967694599,
                0.0037227298817015253,
                0.0038787657176726498,
                0.0042456688461243175,
                0.0023860062356106937,
                0.0031873216794338077,
                0.0035774750795098953,
                0.003997376545157749
            ]
        }
    },
    "training": {
        "Class": {
            "accuracy": [
                0.9818548560142517,
                0.9954127073287964,
                0.9967274069786072,
                0.9973925948143005,
                0.9979573488235474,
                0.9982334971427917,
                0.9984531402587891,
                0.9986225366592407,
                0.9988108277320862,
                0.9988327622413635,
                0.998948872089386,
                0.99900221824646,
                0.9989833831787109,
                0.9990429878234863,
                0.9991559386253357,
                0.9991277456283569,
                0.999074399471283,
                0.9992187023162842,
                0.9992344379425049,
                0.9992218613624573
            ],
            "loss": [
                0.05557962879538536,
                0.01673698052763939,
                0.012681784108281136,
                0.010289591737091541,
                0.008653145283460617,
                0.007617969531565905,
                0.0071259308606386185,
                0.006369931157678366,
                0.00572563661262393,
                0.0055300029926002026,
                0.005111883860081434,
                0.005070022772997618,
                0.0047904024831950665,
                0.004678166937083006,
                0.0043104239739477634,
                0.004452869761735201,
                0.004346288740634918,
                0.004288339056074619,
                0.0045485226437449455,
                0.003963172435760498
            ],
            "precision": [
                0.9865201115608215,
                0.9965368509292603,
                0.9974502921104431,
                0.9979845881462097,
                0.998380720615387,
                0.9987069368362427,
                0.9987137913703918,
                0.9988644123077393,
                0.9990400671958923,
                0.9990777373313904,
                0.9991405606269836,
                0.9991468787193298,
                0.9992095232009888,
                0.999215841293335,
                0.9992974400520325,
                0.999272346496582,
                0.9991094470024109,
                0.9993351101875305,
                0.9993225932121277,
                0.9993100762367249
            ],