{
    "evaluation_frequency": {
        "frequency": 1,
        "period": "epoch"
    },
    "test": {
        "Class": {
            "accuracy": [
                0.9955537915229797,
                0.998289942741394,
                0.991576611995697,
                0.9984853267669678,
                0.9982117414474487,
                0.9987003207206726,
                0.9986807703971863,
                0.9983583092689514,
                0.9983387589454651,
                0.9983680844306946,
                0.9990227818489075,
                0.9990423321723938,
                0.9989055395126343,
                0.9991009831428528,
                0.9986905455589294
            ],
            "loss": [
                0.017130887135863304,
                0.008689399808645248,
                0.030584225431084633,
                0.007164689712226391,
                0.007528951391577721,
                0.005655856803059578,
                0.005562669597566128,
                0.006962961051613092,
                0.006327465176582336,
                0.006484850775450468,
                0.0042845578864216805,
                0.004413288086652756,
                0.0049275001510977745,
                0.0045953975059092045,
                0.006113247945904732
            ],
            "precision": [
                0.9996976852416992,
                0.9996991753578186,
                0.9863137602806091,
                0.9998584389686584,
                0.9992926120758057,
                0.9993638396263123,
                0.9996817111968994,
                0.999769926071167,
                0.9997522234916687,
                0.9997876286506653,
                0.9997702240943909,
                0.9998055696487427,
                0.9998408555984497,
                0.9994171857833862,
                0.9998584985733032
            ],
            "recall": [
                0.9922682046890259,
                0.9972109198570251,
                0.998640775680542,
                0.9974050521850586,
                0.9974756836891174,
                0.9982876777648926,
                0.9979346394538879,
                0.9972638487815857,
                0.9972462058067322,
                0.9972638487815857,
                0.9984642267227173,
                0.9984642267227173,
                0.9981817603111267,
                0.9989585280418396,
                0.9977757930755615
            ],
            "roc_auc": [
                0.999637246131897,
                0.9997016191482544,
                0.9996931552886963,
                0.999904990196228,
                0.9998643398284912,
                0.9998751282691956,
                0.999906063079834,
                0.9999365210533142,
                0.9999063014984131,
                0.9999082684516907,
                0.9999366402626038,
                0.9999077916145325,
                0.9999443292617798,
                0.9999306201934814,
                0.9999354481697083
            ],
            "specificity": [
                0.9996278882026672,
                0.9996278882026672,
                0.9828171133995056,
                0.9998248815536499,
                0.9991244673728943,
                0.9992119669914246,
                0.9996060132980347,
                0.9997154474258423,
                0.9996935725212097,
                0.9997373223304749,
                0.9997154474258423,
                0.9997591972351074,
                0.9998030066490173,
                0.999277651309967,
                0.9998248815536499
            ]
        },
        "combined": {
            "loss": [
                0.017210509497090243,
                0.008776015049079433,
                0.030673162036691792,
                0.007253408133692574,
                0.007616610091645271,
                0.005742517692851834,
                0.0056481586216250435,
                0.007047108207189012,
                0.006409893736417871,
                0.006565810304891784,
                0.004364243934105616,
                0.004492239138926379,
                0.005005763981898781,
                0.00467306692735292,
                0.006190119551320095
            ]
        }
    },
    "training": {
        "Class": {
            "accuracy": [
                0.9876454472541809,
                0.9965379238128662,
                0.997422993183136,
                0.9978669285774231,
                0.9981405138969421,
                0.9983918070793152,
                0.9983611106872559,
                0.9985453486442566,
                0.99860680103302,
                0.9987631440162659,
                0.9988105893135071,
                0.9988664388656616,
                0.9988915920257568,
                0.998939037322998,
                0.9989418387413025
            ],
            "loss": [
                0.04104909673333168,
                0.013263879343867302,
                0.010081318207085133,
                0.008710077963769436,
                0.007632365450263023,
                0.006820553448051214,
                0.006782141979783773,
                0.006099570542573929,
                0.005892711691558361,
                0.0058440882712602615,
                0.0051236520521342754,
                0.0050042555667459965,
                0.005088464356958866,
                0.005034244153648615,
                0.004539691377431154
            ],
            "precision": [
                0.9917547106742859,
                0.9980002641677856,
                0.9984095096588135,
                0.9986916780471802,
                0.9988729953765869,
                0.9989638328552246,
                0.9989888668060303,
                0.9990645051002502,
                0.9990445375442505,
                0.9992054104804993,
                0.9992255568504333,
                0.9992457032203674,
                0.9993160367012024,
                0.9993412494659424,
                0.9993010759353638
            ],
            "recall": [
                0.9859579205513,
                0.9957632422447205,
                0.996949315071106,
                0.9974669814109802,
                0.997778594493866,
                0.9981404542922974,
                0.9980600476264954,
                0.9983163475990295,
                0.9984470009803772,
                0.9985676407814026,
                0.9986329674720764,
                0.9987133741378784,
                0.998688280582428,
                0.9987486004829407,
                0.9987937808036804
            ],
            "roc_auc": [
                0.9981178641319275,
                0.9996070861816406,
                0.9997348785400391,
                0.9997580051422119,
                0.9998067617416382,
                0.9998357892036438,
                0.9998436570167542,
                0.9998533129692078,
                0.999862015247345,
                0.9998944997787476,
                0.9998806118965149,
                0.9999008178710938,
                0.9998928308486938,
                0.9998785853385925,
                0.9999161958694458
            ],
            "specificity": [
                0.9897546768188477,
                0.9975062012672424,
                0.9980149865150452,
                0.9983667731285095,
                0.9985929131507874,
                0.9987059831619263,
                0.9987373948097229,
                0.9988316297531128,
                0.9988064765930176,
                0.999007523059845,
                0.9990326166152954,
                0.9990577697753906,
                0.9991456866264343,
                0.999177098274231,
                0.9991268515586853
            ]
        },