{
    "evaluation_frequency": {
        "frequency": 1,
        "period": "epoch"
    },
    "test": {
        "Class": {
            "accuracy": [
                0.9965505003929138,
                0.9970684051513672,
                0.9983876347541809,
                0.9987882971763611,
                0.9983778595924377,
                0.9986514449119568,
                0.9989837408065796,
                0.9988371133804321,
                0.9987882971763611,
                0.9988566637039185,
                0.9989348649978638,
                0.998885989189148
            ],
            "loss": [
                0.011554495431482792,
                0.01114020124077797,
                0.005812655668705702,
                0.005208181217312813,
                0.005492880940437317,
                0.004831223748624325,
                0.004643920809030533,
                0.005890551023185253,
                0.006574473809450865,
                0.004437505267560482,
                0.003997014835476875,
                0.0047046467661857605
            ],
            "precision": [
                0.9991134405136108,
                0.9995390176773071,
                0.9995931386947632,
                0.9997524619102478,
                0.999769926071167,
                0.9998230934143066,
                0.9995052814483643,
                0.9997701644897461,
                0.9997701048851013,
                0.9996817708015442,
                0.9995405673980713,
                0.9997701644897461
            ],
            "recall": [
                0.9946512579917908,
                0.9951632022857666,
                0.997493326663971,
                0.9980581998825073,
                0.9972991347312927,
                0.9977404475212097,
                0.9986584186553955,
                0.9981288313865662,
                0.9980405569076538,
                0.9982523918151855,
                0.9985348582267761,
                0.9982171058654785
            ],
            "roc_auc": [
                0.9998220801353455,
                0.999815821647644,
                0.9999057650566101,
                0.9999197721481323,
                0.99993497133255,
                0.9999210834503174,
                0.999920666217804,
                0.9999228715896606,
                0.999909520149231,
                0.9999465942382812,
                0.9999374151229858,
                0.999948263168335
            ],
            "specificity": [
                0.9989055395126343,
                0.9994308948516846,
                0.999496579170227,
                0.9996935725212097,
                0.9997154474258423,
                0.9997811317443848,
                0.9993870854377747,
                0.9997154474258423,
                0.9997154474258423,
                0.9996060132980347,
                0.9994308948516846,
                0.9997154474258423
            ]
        },
        "combined": {
            "loss": [
                0.011643648365861736,
                0.011233485689444933,
                0.005907011327508371,
                0.0053013068027212285,
                0.00558473067212617,
                0.004922551321214996,
                0.004734450521937106,
                0.00598028844979126,
                0.006663416148512624,
                0.0045256371959112585,
                0.004084423060703557,
                0.004791422361449804
            ]
        }
    },
    "training": {
        "Class": {
            "accuracy": [
                0.9877822995185852,
                0.9967333674430847,
                0.9977161288261414,
                0.9981824159622192,
                0.9983890056610107,
                0.9985007047653198,
                0.9987072944641113,
                0.9988329410552979,
                0.9987966418266296,
                0.9988943934440613,
                0.9990227818489075,
                0.9991177320480347
            ],
            "loss": [
                0.03908277302980423,
                0.012520134449005127,
                0.009250549599528313,
                0.007746473886072636,
                0.006850636098533869,
                0.006462839897722006,
                0.00592561112716794,
                0.0053971875458955765,
                0.005696776323020458,
                0.005773629993200302,
                0.004532592836767435,
                0.004436769522726536
            ],
            "precision": [
                0.9914735555648804,
                0.9978204965591431,
                0.998500645160675,
                0.9987325668334961,
                0.9988734722137451,
                0.9988185167312622,
                0.9990949034690857,
                0.9991703629493713,
                0.9991351962089539,
                0.9992055892944336,
                0.9992459416389465,
                0.9993765950202942
            ],
            "recall": [
                0.9864906072616577,
                0.9962959885597229,
                0.9973865747451782,
                0.9979947209358215,
                0.9982258677482605,
                0.9984822273254395,
                0.9985777139663696,
                0.9987284541130066,
                0.9986982941627502,
                0.9988038539886475,
                0.9989948272705078,
                0.9990350604057312
            ],
            "roc_auc": [
                0.9984017014503479,
                0.9996743202209473,
                0.9997609257698059,
                0.9998000860214233,
                0.9998242259025574,
                0.9998484253883362,
                0.9998580813407898,
                0.9998590350151062,
                0.9998552799224854,
                0.9998762607574463,
                0.9999139308929443,
                0.999898374080658
            ],
            "specificity": [
                0.9893966317176819,
                0.9972800612449646,
                0.9981280565261841,
                0.9984170198440552,
                0.9985929131507874,
                0.9985238313674927,
                0.9988692998886108,
                0.9989635348320007,
                0.9989195466041565,
                0.999007523059845,
                0.9990577697753906,
                0.9992210865020752
            ]
        },
        "combined": {
            "loss": [
                0.03917124154395424,
                0.012612432292371523,
                0.009344901431177277,
                0.00783995689562289,
                0.006942834588699043,
                0.006554120700457133,
                0.006016120642016176,
                0.005487102607730776,
                0.005786039444501512,
                0.005862103200342972,
                0.004620157582394313,
                0.0045236808800837025
            ]
        }
    },
    "validation": {
        "Class": {
            "accuracy": [
                0.9962865710258484,
                0.9971465468406677,
                0.9985732436180115,
                0.9988077878952026,
                0.9987491965293884,
                0.9988664388656616,
                0.9989641308784485,
                0.9991009831428528,
                0.9989055395126343,
                0.998885989189148,
                0.9991400241851807,
                0.9991009831428528
            ],
            "loss": [
                0.01239205151796341,
                0.011647871695458889,
                0.006228291895240545,
                0.006214022170752287,
                0.005855241324752569,
                0.005430376622825861,
                0.004554728977382183,
                0.005395088344812393,
                0.005840914323925972,
                0.0056509957648813725,
                0.004162563476711512,
                0.004636609461158514
            ],