{
    "evaluation_frequency": {
        "frequency": 1,
        "period": "epoch"
    },
    "test": {
        "Class": {
            "accuracy": [
                0.9957515001296997,
                0.997261106967926,
                0.9977787137031555,
                0.9976708292961121,
                0.9978649616241455,
                0.9981021881103516,
                0.998145341873169,
                0.9982100129127502,
                0.9981237649917603,
                0.9984040856361389,
                0.998382568359375,
                0.998619794845581,
                0.9982746839523315,
                0.9987491369247437,
                0.998619794845581
            ],
            "loss": [
                0.024782858788967133,
                0.013609115965664387,
                0.011273347772657871,
                0.011404255405068398,
                0.011070141568779945,
                0.011160111986100674,
                0.010352877900004387,
                0.011361018754541874,
                0.008973644115030766,
                0.008508000522851944,
                0.008677596226334572,
                0.007968131452798843,
                0.009127505123615265,
                0.00986132025718689,
                0.010788340121507645
            ],
            "precision": [
                0.981792688369751,
                0.9821882843971252,
                0.9745145440101624,
                0.9814126491546631,
                0.970095694065094,
                0.9738406538963318,
                0.9807460904121399,
                0.9739952683448792,
                0.9705188870429993,
                0.9687861204147339,
                0.9731308221817017,
                0.9778812527656555,
                0.9653179049491882,
                0.9780346751213074,
                0.9823736548423767
            ],
            "recall": [
                0.7920904159545898,
                0.8723163604736328,
                0.9073446393013,
                0.8949152827262878,
                0.9163841605186462,
                0.9254237413406372,
                0.9209039807319641,
                0.9310734272003174,
                0.9299435019493103,
                0.9468926787376404,
                0.9412429332733154,
                0.9491525292396545,
                0.9435028433799744,
                0.9559321999549866,
                0.9446327686309814
            ],
            "roc_auc": [
                0.9685088992118835,
                0.9883920550346375,
                0.9904844760894775,
                0.992217481136322,
                0.9939979314804077,
                0.9895078539848328,
                0.9910954236984253,
                0.9905831813812256,
                0.9932879209518433,
                0.9934942126274109,
                0.9908247590065002,
                0.9947948455810547,
                0.9926697611808777,
                0.9946646690368652,
                0.9921324253082275
            ],
            "specificity": [
                0.999714195728302,
                0.9996922016143799,
                0.9995383024215698,
                0.9996702075004578,
                0.9994503855705261,
                0.9995163083076477,
                0.9996482133865356,
                0.9995163083076477,
                0.9994503855705261,
                0.9994063973426819,
                0.9994943141937256,
                0.9995822906494141,
                0.9993404150009155,
                0.9995822906494141,
                0.9996702075004578
            ]
        },
        "combined": {
            "loss": [
                0.024873884351109155,
                0.013702134761842899,
                0.01136455980304163,
                0.011492954879940953,
                0.011157763154187705,
                0.011247282898693811,
                0.010439598532684613,
                0.011446631877333857,
                0.009058425603143405,
                0.008592358681198675,
                0.008761352830333635,
                0.008051574943237938,
                0.009210774820530787,
                0.00994436287874123,
                0.010871047183172777
            ]
        }
    },
    "training": {
        "Class": {
            "accuracy": [
                0.9944975972175598,
                0.9968328475952148,
                0.9971471428871155,
                0.9975969195365906,
                0.9976831674575806,
                0.997837245464325,
                0.9979296326637268,
                0.9982007741928101,
                0.9981946349143982,
                0.9982932209968567,
                0.9984657168388367,
                0.9985766410827637,
                0.9985150098800659,
                0.9986320734024048,
                0.9986690878868103
            ],
            "loss": [
                0.03336722403764725,
                0.017520086839795113,
                0.014936979860067368,
                0.011881595477461815,
                0.011711877770721912,
                0.010518007911741734,
                0.009737043641507626,
                0.00911841168999672,
                0.009078756906092167,
                0.00816122442483902,
                0.007538157515227795,
                0.007517989259213209,
                0.006982080638408661,
                0.006586648523807526,
                0.006918412167578936
            ],
            "precision": [
                0.9267120361328125,
                0.9634416699409485,
                0.9601149559020996,
                0.9683499336242676,
                0.967844545841217,
                0.9727626442909241,
                0.9673157334327698,
                0.9729917049407959,
                0.9713496565818787,
                0.9711835384368896,
                0.9698611497879028,
                0.975161612033844,
                0.9689922332763672,
                0.9717171788215637,
                0.9740040302276611
            ],
            "recall": [
                0.7652116417884827,
                0.8627645373344421,
                0.8835979104042053,
                0.9004629850387573,
                0.9057539701461792,
                0.9093915224075317,
                0.9199735522270203,
                0.9292327761650085,
                0.9305555820465088,
                0.9361772537231445,
                0.9470899701118469,
                0.9477513432502747,
                0.9507275223731995,
                0.954365074634552,
                0.9540343880653381
            ],
            "roc_auc": [
                0.9386019706726074,
                0.9785686731338501,
                0.9843697547912598,
                0.9908642172813416,
                0.9898137450218201,
                0.9926872849464417,
                0.9922007322311401,
                0.993484377861023,
                0.9933958053588867,
                0.9946749210357666,
                0.9945156574249268,
                0.9953797459602356,
                0.9961485862731934,
                0.99703049659729,
                0.9960222840309143
            ],
            "specificity": [
                0.9988510012626648,
                0.9993783831596375,
                0.9993030428886414,
                0.9994412064552307,
                0.9994286298751831,
                0.9995165467262268,
                0.9994097948074341,
                0.9995102882385254,
                0.9994788765907288,
                0.9994725584983826,
                0.9994412064552307,
                0.9995416402816772,
                0.9994223713874817,
                0.9994725584983826,
                0.9995165467262268
            ]
        },